{
	"carName": "jaguar_g3",
	"basicSetup":
	{
		"tyres":
		{
			"tyreCompound": 0,
			"tyrePressure": [ 74, 86, 83, 94 ]
		},
		"alignment":
		{
			"camber": [ 3, 3, 5, 5 ],
			"toe": [ 25, 25, 65, 65 ],
			"staticCamber": [ -2.5104339122772217, -2.5042932033538818, -1.2749612331390381, -1.2667357921600342 ],
			"toeOutLinear": [ 0.0005164493340998888, 0.00051644520135596395, 0.00093182676937431097, 0.00093210063641890883 ],
			"casterLF": 17,
			"casterRF": 17,
			"steerRatio": 0
		},
		"electronics":
		{
			"tC1": 7,
			"tC2": 0,
			"abs": 7,
			"eCUMap": 0,
			"fuelMix": 0,
			"telemetryLaps": 0
		},
		"strategy":
		{
			"fuel": 49,
			"nPitStops": 0,
			"tyreSet": 2,
			"frontBrakePadCompound": 0,
			"rearBrakePadCompound": 0,
			"pitStrategy": [
				{
					"fuelToAdd": 0,
					"tyres":
					{
						"tyreCompound": 0,
						"tyrePressure": [ 0, 0, 0, 0 ]
					},
					"tyreSet": 2,
					"frontBrakePadCompound": 0,
					"rearBrakePadCompound": 0
				}
			],
			"fuelPerLap": 2.6552886962890625
		}
	},
	"advancedSetup":
	{
		"mechanicalBalance":
		{
			"aRBFront": 7,
			"aRBRear": 2,
			"wheelRate": [ 11, 11, 3, 3 ],
			"bumpStopRateUp": [ 5, 5, 4, 4 ],
			"bumpStopRateDn": [ 0, 0, 10, 10 ],
			"bumpStopWindow": [ 2, 2, 0, 0 ],
			"brakeTorque": 20,
			"brakeBias": 45
		},
		"dampers":
		{
			"bumpSlow": [ 14, 14, 10, 10 ],
			"bumpFast": [ 12, 12, 10, 10 ],
			"reboundSlow": [ 16, 10, 10, 10 ],
			"reboundFast": [ 15, 15, 10, 10 ]
		},
		"aeroBalance":
		{
			"rideHeight": [ 5, 6, 8, 18 ],
			"rodLength": [ -24.410478591918945, -24.410478591918945, -12.198368072509766, -12.198368072509766 ],
			"splitter": 0,
			"rearWing": 7,
			"brakeDuct": [ 2, 3 ]
		},
		"drivetrain":
		{
			"preload": 10
		}
	},
	"trackBopType": 37
}