{
	"carName": "mercedes_amg_gt4",
	"basicSetup":
	{
		"tyres":
		{
			"tyreCompound": 0,
			"tyrePressure": [ 54, 47, 51, 46 ]
		},
		"alignment":
		{
			"camber": [ 4, 4, 5, 5 ],
			"toe": [ 10, 10, 10, 10 ],
			"staticCamber": [ -4.6682085990905762, -4.6756634712219238, -3.2455079555511475, -3.2488479614257813 ],
			"toeOutLinear": [ -0.00046103534987196326, -0.00046101969201117754, 0.00013010636030230671, 0.00012994371354579926 ],
			"casterLF": 13,
			"casterRF": 13,
			"steerRatio": 0
		},
		"electronics":
		{
			"tC1": 1,
			"tC2": 0,
			"abs": 2,
			"eCUMap": 0,
			"fuelMix": 0,
			"telemetryLaps": 18
		},
		"strategy":
		{
			"fuel": 31,
			"nPitStops": 0,
			"tyreSet": 0,
			"frontBrakePadCompound": 1,
			"rearBrakePadCompound": 1,
			"pitStrategy": [
				{
					"fuelToAdd": 0,
					"tyres":
					{
						"tyreCompound": 0,
						"tyrePressure": [ 35, 51, 37, 43 ]
					},
					"tyreSet": 2,
					"frontBrakePadCompound": 1,
					"rearBrakePadCompound": 1
				}
			],
			"fuelPerLap": 1.8124936819076538
		}
	},
	"advancedSetup":
	{
		"mechanicalBalance":
		{
			"aRBFront": 0,
			"aRBRear": 1,
			"wheelRate": [ 0, 0, 0, 0 ],
			"bumpStopRateUp": [ 0, 0, 0, 0 ],
			"bumpStopRateDn": [ 0, 0, 10, 10 ],
			"bumpStopWindow": [ 0, 0, 0, 0 ],
			"brakeTorque": 20,
			"brakeBias": 0
		},
		"dampers":
		{
			"bumpSlow": [ 10, 10, 12, 12 ],
			"bumpFast": [ 0, 0, 0, 0 ],
			"reboundSlow": [ 10, 10, 18, 18 ],
			"reboundFast": [ 0, 0, 0, 0 ]
		},
		"aeroBalance":
		{
			"rideHeight": [ 0, 11, 5, 18 ],
			"rodLength": [ 60.199863433837891, 60.199863433837891, 47.219032287597656, 47.219032287597656 ],
			"splitter": 0,
			"rearWing": 2,
			"brakeDuct": [ 5, 4 ]
		},
		"drivetrain":
		{
			"preload": 2
		}
	},
	"trackBopType": 15
}