{
	"carName": "audi_r8_lms_evo",
	"basicSetup":
	{
		"tyres":
		{
			"tyreCompound": 0,
			"tyrePressure": [ 52, 46, 51, 48 ]
		},
		"alignment":
		{
			"camber": [ 11, 11, 13, 13 ],
			"toe": [ 30, 30, 65, 65 ],
			"staticCamber": [ -4.052706241607666, -4.0544400215148926, -3.4983382225036621, -3.4127242565155029 ],
			"toeOutLinear": [ 0.00037187209818512201, 0.00037138850893825293, 0.0008570102509111166, 0.0008575535612180829 ],
			"casterLF": 14,
			"casterRF": 14,
			"steerRatio": 4
		},
		"electronics":
		{
			"tC1": 3,
			"tC2": 0,
			"abs": 3,
			"eCUMap": 0,
			"fuelMix": 0,
			"telemetryLaps": 0
		},
		"strategy":
		{
			"fuel": 10,
			"nPitStops": 0,
			"tyreSet": 4,
			"frontBrakePadCompound": 0,
			"rearBrakePadCompound": 0,
			"pitStrategy": [
				{
					"fuelToAdd": 0,
					"tyres":
					{
						"tyreCompound": 0,
						"tyrePressure": [ 54, 50, 53, 50 ]
					},
					"tyreSet": 2,
					"frontBrakePadCompound": 1,
					"rearBrakePadCompound": 1
				}
			],
			"fuelPerLap": 2.2891621589660645
		}
	},
	"advancedSetup":
	{
		"mechanicalBalance":
		{
			"aRBFront": 2,
			"aRBRear": 3,
			"wheelRate": [ 2, 2, 2, 2 ],
			"bumpStopRateUp": [ 5, 5, 2, 2 ],
			"bumpStopRateDn": [ 0, 0, 10, 10 ],
			"bumpStopWindow": [ 2, 2, 70, 70 ],
			"brakeTorque": 20,
			"brakeBias": 70
		},
		"dampers":
		{
			"bumpSlow": [ 14, 14, 14, 14 ],
			"bumpFast": [ 20, 20, 10, 10 ],
			"reboundSlow": [ 25, 25, 14, 14 ],
			"reboundFast": [ 30, 30, 15, 15 ]
		},
		"aeroBalance":
		{
			"rideHeight": [ 1, 6, 7, 18 ],
			"rodLength": [ 30.216815948486328, 30.216815948486328, 13.162890434265137, 13.162890434265137 ],
			"splitter": 0,
			"rearWing": 4,
			"brakeDuct": [ 4, 3 ]
		},
		"drivetrain":
		{
			"preload": 8
		}
	}
}