{
	"carName": "ktm_xbow_gt4",
	"basicSetup":
	{
		"tyres":
		{
			"tyreCompound": 0,
			"tyrePressure": [ 48, 59, 42, 51 ]
		},
		"alignment":
		{
			"camber": [ 6, 6, 0, 0 ],
			"toe": [ 20, 20, 65, 65 ],
			"staticCamber": [ -4.5814399719238281, -4.5753512382507324, -3.4531934261322021, -3.4445490837097168 ],
			"toeOutLinear": [ 0.00068938964977860451, 0.00068939727498218417, 0.0006264449330046773, 0.00062647147569805384 ],
			"casterLF": 33,
			"casterRF": 33,
			"steerRatio": 0
		},
		"electronics":
		{
			"tC1": 1,
			"tC2": 0,
			"abs": 1,
			"eCUMap": 0,
			"fuelMix": 0,
			"telemetryLaps": 0
		},
		"strategy":
		{
			"fuel": 43,
			"nPitStops": 0,
			"tyreSet": 1,
			"frontBrakePadCompound": 1,
			"rearBrakePadCompound": 1,
			"pitStrategy": [
				{
					"fuelToAdd": 0,
					"tyres":
					{
						"tyreCompound": 0,
						"tyrePressure": [ 48, 59, 42, 51 ]
					},
					"tyreSet": 2,
					"frontBrakePadCompound": 1,
					"rearBrakePadCompound": 1
				}
			],
			"fuelPerLap": 1.9967689514160156
		}
	},
	"advancedSetup":
	{
		"mechanicalBalance":
		{
			"aRBFront": 2,
			"aRBRear": 1,
			"wheelRate": [ 3, 3, 2, 2 ],
			"bumpStopRateUp": [ 4, 4, 2, 2 ],
			"bumpStopRateDn": [ 0, 0, 10, 10 ],
			"bumpStopWindow": [ 0, 0, 25, 25 ],
			"brakeTorque": 20,
			"brakeBias": 75
		},
		"dampers":
		{
			"bumpSlow": [ 15, 15, 12, 12 ],
			"bumpFast": [ 0, 0, 0, 0 ],
			"reboundSlow": [ 8, 8, 16, 16 ],
			"reboundFast": [ 0, 0, 0, 0 ]
		},
		"aeroBalance":
		{
			"rideHeight": [ 2, 11, 5, 18 ],
			"rodLength": [ 86.304702758789063, 86.304702758789063, 60.223697662353516, 60.223697662353516 ],
			"splitter": 0,
			"rearWing": 6,
			"brakeDuct": [ 4, 3 ]
		},
		"drivetrain":
		{
			"preload": 6
		}
	},
	"trackBopType": 9
}