{
	"carName": "honda_nsx_gt3_evo",
	"basicSetup":
	{
		"tyres":
		{
			"tyreCompound": 0,
			"tyrePressure": [ 53, 61, 44, 55 ]
		},
		"alignment":
		{
			"camber": [ 10, 10, 16, 16 ],
			"toe": [ 25, 25, 55, 55 ],
			"staticCamber": [ -2.3886137008666992, -2.395514965057373, -3.3806464672088623, -3.3843045234680176 ],
			"toeOutLinear": [ 0.00086746987653896213, 0.00086746475426480174, 0.00044789712410420179, 0.00044777881703339517 ],
			"casterLF": 15,
			"casterRF": 15,
			"steerRatio": 2
		},
		"electronics":
		{
			"tC1": 2,
			"tC2": 2,
			"abs": 3,
			"eCUMap": 0,
			"fuelMix": 0,
			"telemetryLaps": 15
		},
		"strategy":
		{
			"fuel": 60,
			"nPitStops": 0,
			"tyreSet": 0,
			"frontBrakePadCompound": 1,
			"rearBrakePadCompound": 1,
			"pitStrategy": [
				{
					"fuelToAdd": 0,
					"tyres":
					{
						"tyreCompound": 0,
						"tyrePressure": [ 53, 61, 44, 55 ]
					},
					"tyreSet": 2,
					"frontBrakePadCompound": 1,
					"rearBrakePadCompound": 1
				}
			],
			"fuelPerLap": 2.5999999046325684
		}
	},
	"advancedSetup":
	{
		"mechanicalBalance":
		{
			"aRBFront": 4,
			"aRBRear": 6,
			"wheelRate": [ 4, 4, 7, 7 ],
			"bumpStopRateUp": [ 6, 6, 2, 2 ],
			"bumpStopRateDn": [ 0, 0, 10, 10 ],
			"bumpStopWindow": [ 3, 3, 40, 40 ],
			"brakeTorque": 20,
			"brakeBias": 33
		},
		"dampers":
		{
			"bumpSlow": [ 7, 7, 28, 28 ],
			"bumpFast": [ 18, 18, 10, 10 ],
			"reboundSlow": [ 30, 30, 8, 8 ],
			"reboundFast": [ 29, 29, 17, 17 ]
		},
		"aeroBalance":
		{
			"rideHeight": [ 2, 6, 26, 18 ],
			"rodLength": [ -19.623262405395508, -19.623262405395508, 17.503995895385742, 17.503995895385742 ],
			"splitter": 0,
			"rearWing": 14,
			"brakeDuct": [ 4, 4 ]
		},
		"drivetrain":
		{
			"preload": 2
		}
	}
}