{
	"carName": "porsche_991_gt3_r",
	"basicSetup":
	{
		"tyres":
		{
			"tyreCompound": 0,
			"tyrePressure": [ 51, 65, 47, 60 ]
		},
		"alignment":
		{
			"camber": [ 0, 0, 1, 1 ],
			"toe": [ 30, 30, 52, 52 ],
			"staticCamber": [ -4.2909116744995117, -4.2740559577941895, -3.5985565185546875, -3.5887343883514404 ],
			"toeOutLinear": [ 0.00061841763090342283, 0.00060325674712657928, -0.00043005056795664132, -0.00043005301267839968 ],
			"casterLF": 11,
			"casterRF": 11,
			"steerRatio": 3
		},
		"electronics":
		{
			"tC1": 2,
			"tC2": 0,
			"abs": 3,
			"eCUMap": 7,
			"fuelMix": 0,
			"telemetryLaps": 0
		},
		"strategy":
		{
			"fuel": 47,
			"nPitStops": 0,
			"tyreSet": 12,
			"frontBrakePadCompound": 0,
			"rearBrakePadCompound": 0,
			"pitStrategy": [
				{
					"fuelToAdd": 0,
					"tyres":
					{
						"tyreCompound": 0,
						"tyrePressure": [ 55, 57, 46, 49 ]
					},
					"tyreSet": 2,
					"frontBrakePadCompound": 1,
					"rearBrakePadCompound": 1
				}
			],
			"fuelPerLap": 2.5025272369384766
		}
	},
	"advancedSetup":
	{
		"mechanicalBalance":
		{
			"aRBFront": 2,
			"aRBRear": 4,
			"wheelRate": [ 4, 4, 3, 3 ],
			"bumpStopRateUp": [ 8, 8, 2, 2 ],
			"bumpStopRateDn": [ 0, 0, 10, 10 ],
			"bumpStopWindow": [ 0, 0, 50, 50 ],
			"brakeTorque": 20,
			"brakeBias": 53
		},
		"dampers":
		{
			"bumpSlow": [ 6, 6, 3, 3 ],
			"bumpFast": [ 6, 6, 4, 4 ],
			"reboundSlow": [ 4, 4, 8, 8 ],
			"reboundFast": [ 7, 7, 6, 6 ]
		},
		"aeroBalance":
		{
			"rideHeight": [ 0, 11, 14, 18 ],
			"rodLength": [ 23.139095306396484, 23.139095306396484, 24.547391891479492, 24.547391891479492 ],
			"splitter": 0,
			"rearWing": 14,
			"brakeDuct": [ 4, 4 ]
		},
		"drivetrain":
		{
			"preload": 11
		}
	},
	"trackBopType": 36
}