{
	"carName": "honda_nsx_gt3_evo",
	"basicSetup":
	{
		"tyres":
		{
			"tyreCompound": 0,
			"tyrePressure": [ 61, 53, 62, 60 ]
		},
		"alignment":
		{
			"camber": [ 0, 0, 0, 0 ],
			"toe": [ 9, 9, 19, 19 ],
			"staticCamber": [ -3.1991796493530273, -3.203575611114502, -2.6731193065643311, -2.6864328384399414 ],
			"toeOutLinear": [ 0.0012151151895523071, 0.0012151228729635477, 0.00030918145785108209, 0.00032204281887970865 ],
			"casterLF": 2,
			"casterRF": 2,
			"steerRatio": 0
		},
		"electronics":
		{
			"tC1": 1,
			"tC2": 10,
			"abs": 4,
			"eCUMap": 0,
			"fuelMix": 0,
			"telemetryLaps": 2
		},
		"strategy":
		{
			"fuel": 14,
			"nPitStops": 0,
			"tyreSet": 1,
			"frontBrakePadCompound": 0,
			"rearBrakePadCompound": 0,
			"pitStrategy": [
				{
					"fuelToAdd": 0,
					"tyres":
					{
						"tyreCompound": 0,
						"tyrePressure": [ 55, 55, 48, 48 ]
					},
					"tyreSet": 2,
					"frontBrakePadCompound": 1,
					"rearBrakePadCompound": 1
				}
			],
			"fuelPerLap": 1.84686279296875
		}
	},
	"advancedSetup":
	{
		"mechanicalBalance":
		{
			"aRBFront": 5,
			"aRBRear": 4,
			"wheelRate": [ 8, 8, 7, 6 ],
			"bumpStopRateUp": [ 5, 5, 4, 4 ],
			"bumpStopRateDn": [ 0, 0, 10, 10 ],
			"bumpStopWindow": [ 35, 35, 72, 72 ],
			"brakeTorque": 20,
			"brakeBias": 7
		},
		"dampers":
		{
			"bumpSlow": [ 11, 9, 6, 6 ],
			"bumpFast": [ 8, 8, 5, 5 ],
			"reboundSlow": [ 5, 7, 11, 10 ],
			"reboundFast": [ 5, 5, 7, 7 ]
		},
		"aeroBalance":
		{
			"rideHeight": [ 0, 6, 2, 18 ],
			"rodLength": [ -11.897944450378418, -11.897944450378418, -10.985416412353516, -10.985416412353516 ],
			"splitter": 0,
			"rearWing": 11,
			"brakeDuct": [ 4, 3 ]
		},
		"drivetrain":
		{
			"preload": 25
		}
	},
	"trackBopType": 43
}