{
	"carName": "mercedes_amg_gt3_evo",
	"basicSetup":
	{
		"tyres":
		{
			"tyreCompound": 0,
			"tyrePressure": [ 57, 52, 58, 55 ]
		},
		"alignment":
		{
			"camber": [ 20, 20, 16, 16 ],
			"toe": [ 30, 30, 45, 45 ],
			"staticCamber": [ -3.8647353649139404, -3.8689098358154297, -3.0665574073791504, -3.0672855377197266 ],
			"toeOutLinear": [ 9.5734940259717405e-05, 9.529008821118623e-05, 8.3380778960417956e-05, 8.2838108937721699e-05 ],
			"casterLF": 33,
			"casterRF": 33,
			"steerRatio": 0
		},
		"electronics":
		{
			"tC1": 5,
			"tC2": 0,
			"abs": 5,
			"eCUMap": 1,
			"fuelMix": 0,
			"telemetryLaps": 0
		},
		"strategy":
		{
			"fuel": 26,
			"nPitStops": 0,
			"tyreSet": 4,
			"frontBrakePadCompound": 0,
			"rearBrakePadCompound": 0,
			"pitStrategy": [
				{
					"fuelToAdd": 0,
					"tyres":
					{
						"tyreCompound": 0,
						"tyrePressure": [ 50, 50, 48, 48 ]
					},
					"tyreSet": 2,
					"frontBrakePadCompound": 1,
					"rearBrakePadCompound": 1
				}
			],
			"fuelPerLap": 1.839407205581665
		}
	},
	"advancedSetup":
	{
		"mechanicalBalance":
		{
			"aRBFront": 3,
			"aRBRear": 3,
			"wheelRate": [ 1, 1, 3, 3 ],
			"bumpStopRateUp": [ 4, 4, 3, 3 ],
			"bumpStopRateDn": [ 0, 0, 10, 10 ],
			"bumpStopWindow": [ 7, 7, 50, 50 ],
			"brakeTorque": 20,
			"brakeBias": 42
		},
		"dampers":
		{
			"bumpSlow": [ 4, 4, 4, 4 ],
			"bumpFast": [ 4, 4, 6, 6 ],
			"reboundSlow": [ 6, 6, 4, 4 ],
			"reboundFast": [ 6, 6, 6, 6 ]
		},
		"aeroBalance":
		{
			"rideHeight": [ 8, 6, 6, 18 ],
			"rodLength": [ 15.391016960144043, 15.391016960144043, 67.105598449707031, 67.105598449707031 ],
			"splitter": 4,
			"rearWing": 6,
			"brakeDuct": [ 3, 3 ]
		},
		"drivetrain":
		{
			"preload": 3
		}
	},
	"trackBopType": 15
}