{
	"carName": "ferrari_296_gt3",
	"basicSetup":
	{
		"tyres":
		{
			"tyreCompound": 0,
			"tyrePressure": [ 60, 55, 52, 48 ]
		},
		"alignment":
		{
			"camber": [ 3, 3, 1, 1 ],
			"toe": [ 35, 35, 50, 50 ],
			"staticCamber": [ -4.6182088851928711, -4.62109375, -4.7195377349853516, -4.7223725318908691 ],
			"toeOutLinear": [ -0.00039686373202130198, -0.00039686975651420653, 0.00030888902256265283, 0.000308894959744066 ],
			"casterLF": 14,
			"casterRF": 14,
			"steerRatio": 0
		},
		"electronics":
		{
			"tC1": 3,
			"tC2": 5,
			"abs": 5,
			"eCUMap": 2,
			"fuelMix": 0,
			"telemetryLaps": 0
		},
		"strategy":
		{
			"fuel": 60,
			"nPitStops": 0,
			"tyreSet": 1,
			"frontBrakePadCompound": 1,
			"rearBrakePadCompound": 1,
			"pitStrategy": [
				{
					"fuelToAdd": 0,
					"tyres":
					{
						"tyreCompound": 0,
						"tyrePressure": [ 41, 58, 45, 56 ]
					},
					"tyreSet": 2,
					"frontBrakePadCompound": 1,
					"rearBrakePadCompound": 1
				}
			],
			"fuelPerLap": 2.4831516742706299
		}
	},
	"advancedSetup":
	{
		"mechanicalBalance":
		{
			"aRBFront": 3,
			"aRBRear": 1,
			"wheelRate": [ 4, 4, 4, 4 ],
			"bumpStopRateUp": [ 2, 2, 5, 5 ],
			"bumpStopRateDn": [ 0, 0, 10, 10 ],
			"bumpStopWindow": [ 5, 5, 16, 16 ],
			"brakeTorque": 20,
			"brakeBias": 72
		},
		"dampers":
		{
			"bumpSlow": [ 8, 8, 5, 5 ],
			"bumpFast": [ 4, 4, 5, 5 ],
			"reboundSlow": [ 7, 7, 6, 6 ],
			"reboundFast": [ 5, 5, 7, 7 ]
		},
		"aeroBalance":
		{
			"rideHeight": [ 10, 6, 8, 18 ],
			"rodLength": [ 44.7369384765625, 44.7369384765625, 40.252578735351563, 40.252578735351563 ],
			"splitter": 0,
			"rearWing": 7,
			"brakeDuct": [ 4, 4 ]
		},
		"drivetrain":
		{
			"preload": 3
		}
	},
	"trackBopType": 27
}