{
	"carName": "mclaren_720s_gt3",
	"basicSetup":
	{
		"tyres":
		{
			"tyreCompound": 0,
			"tyrePressure": [ 61, 63, 63, 63 ]
		},
		"alignment":
		{
			"camber": [ 10, 10, 14, 14 ],
			"toe": [ 23, 23, 20, 20 ],
			"staticCamber": [ -4.6282672882080078, -4.6274523735046387, -4.5791611671447754, -4.579216480255127 ],
			"toeOutLinear": [ 0.0018121310276910663, 0.0018118381267413497, 0.0004259851120878011, 0.00042600376764312387 ],
			"casterLF": 11,
			"casterRF": 11,
			"steerRatio": 2
		},
		"electronics":
		{
			"tC1": 2,
			"tC2": 6,
			"abs": 3,
			"eCUMap": 0,
			"fuelMix": 0,
			"telemetryLaps": 0
		},
		"strategy":
		{
			"fuel": 11,
			"nPitStops": 0,
			"tyreSet": 5,
			"frontBrakePadCompound": 0,
			"rearBrakePadCompound": 0,
			"pitStrategy": [
				{
					"fuelToAdd": 0,
					"tyres":
					{
						"tyreCompound": 0,
						"tyrePressure": [ 56, 53, 52, 51 ]
					},
					"tyreSet": 2,
					"frontBrakePadCompound": 1,
					"rearBrakePadCompound": 1
				}
			],
			"fuelPerLap": 2.8723838329315186
		}
	},
	"advancedSetup":
	{
		"mechanicalBalance":
		{
			"aRBFront": 8,
			"aRBRear": 6,
			"wheelRate": [ 3, 3, 5, 5 ],
			"bumpStopRateUp": [ 10, 10, 2, 2 ],
			"bumpStopRateDn": [ 0, 0, 10, 10 ],
			"bumpStopWindow": [ 4, 4, 35, 35 ],
			"brakeTorque": 20,
			"brakeBias": 47
		},
		"dampers":
		{
			"bumpSlow": [ 24, 24, 18, 18 ],
			"bumpFast": [ 24, 24, 17, 17 ],
			"reboundSlow": [ 19, 19, 19, 19 ],
			"reboundFast": [ 20, 20, 19, 19 ]
		},
		"aeroBalance":
		{
			"rideHeight": [ 1, 6, 12, 18 ],
			"rodLength": [ 58.354949951171875, 58.354949951171875, 40.089099884033203, 40.089099884033203 ],
			"splitter": 0,
			"rearWing": 7,
			"brakeDuct": [ 3, 2 ]
		},
		"drivetrain":
		{
			"preload": 7
		}
	}
}