{
	"carName": "mercedes_amg_gt3_evo",
	"basicSetup":
	{
		"tyres":
		{
			"tyreCompound": 0,
			"tyrePressure": [ 56, 57, 60, 62 ]
		},
		"alignment":
		{
			"camber": [ 9, 9, 6, 6 ],
			"toe": [ 30, 30, 49, 49 ],
			"staticCamber": [ -3.176304817199707, -3.1756200790405273, -3.5637228488922119, -3.5622406005859375 ],
			"toeOutLinear": [ 0.00027626843075267971, 0.00027629363466985524, 0.00015523745969403535, 0.00015514338156208396 ],
			"casterLF": 33,
			"casterRF": 33,
			"steerRatio": 0
		},
		"electronics":
		{
			"tC1": 2,
			"tC2": 0,
			"abs": 3,
			"eCUMap": 0,
			"fuelMix": 0,
			"telemetryLaps": 0
		},
		"strategy":
		{
			"fuel": 40,
			"nPitStops": 0,
			"tyreSet": 10,
			"frontBrakePadCompound": 0,
			"rearBrakePadCompound": 0,
			"pitStrategy": [
				{
					"fuelToAdd": 0,
					"tyres":
					{
						"tyreCompound": 0,
						"tyrePressure": [ 58, 62, 61, 64 ]
					},
					"tyreSet": 2,
					"frontBrakePadCompound": 1,
					"rearBrakePadCompound": 1
				}
			],
			"fuelPerLap": 4.1760921478271484
		}
	},
	"advancedSetup":
	{
		"mechanicalBalance":
		{
			"aRBFront": 7,
			"aRBRear": 4,
			"wheelRate": [ 1, 1, 3, 3 ],
			"bumpStopRateUp": [ 6, 6, 3, 3 ],
			"bumpStopRateDn": [ 0, 0, 10, 10 ],
			"bumpStopWindow": [ 2, 2, 50, 50 ],
			"brakeTorque": 20,
			"brakeBias": 50
		},
		"dampers":
		{
			"bumpSlow": [ 8, 8, 9, 9 ],
			"bumpFast": [ 5, 5, 7, 7 ],
			"reboundSlow": [ 6, 6, 8, 8 ],
			"reboundFast": [ 6, 6, 6, 6 ]
		},
		"aeroBalance":
		{
			"rideHeight": [ 12, 6, 6, 18 ],
			"rodLength": [ 18.826822280883789, 18.826822280883789, 67.470947265625, 67.470947265625 ],
			"splitter": 0,
			"rearWing": 2,
			"brakeDuct": [ 3, 3 ]
		},
		"drivetrain":
		{
			"preload": 9
		}
	},
	"trackBopType": 29
}