{
	"carName": "mercedes_amg_gt3_evo",
	"basicSetup":
	{
		"tyres":
		{
			"tyreCompound": 0,
			"tyrePressure": [ 56, 57, 60, 62 ]
		},
		"alignment":
		{
			"camber": [ 9, 9, 6, 6 ],
			"toe": [ 30, 30, 49, 49 ],
			"staticCamber": [ -3.1776852607727051, -3.1771891117095947, -3.5648462772369385, -3.5635497570037842 ],
			"toeOutLinear": [ 0.0002775633183773607, 0.00027761911042034626, 0.0001566766295582056, 0.00015645971870981157 ],
			"casterLF": 33,
			"casterRF": 33,
			"steerRatio": 0
		},
		"electronics":
		{
			"tC1": 3,
			"tC2": 0,
			"abs": 3,
			"eCUMap": 0,
			"fuelMix": 0,
			"telemetryLaps": 0
		},
		"strategy":
		{
			"fuel": 63,
			"nPitStops": 0,
			"tyreSet": 10,
			"frontBrakePadCompound": 0,
			"rearBrakePadCompound": 0,
			"pitStrategy": [
				{
					"fuelToAdd": 0,
					"tyres":
					{
						"tyreCompound": 0,
						"tyrePressure": [ 58, 62, 61, 64 ]
					},
					"tyreSet": 2,
					"frontBrakePadCompound": 1,
					"rearBrakePadCompound": 1
				}
			],
			"fuelPerLap": 4.0500001907348633
		}
	},
	"advancedSetup":
	{
		"mechanicalBalance":
		{
			"aRBFront": 7,
			"aRBRear": 4,
			"wheelRate": [ 1, 1, 3, 3 ],
			"bumpStopRateUp": [ 6, 6, 3, 3 ],
			"bumpStopRateDn": [ 0, 0, 10, 10 ],
			"bumpStopWindow": [ 2, 2, 50, 50 ],
			"brakeTorque": 20,
			"brakeBias": 55
		},
		"dampers":
		{
			"bumpSlow": [ 8, 8, 9, 9 ],
			"bumpFast": [ 5, 5, 7, 7 ],
			"reboundSlow": [ 6, 6, 8, 8 ],
			"reboundFast": [ 6, 6, 6, 6 ]
		},
		"aeroBalance":
		{
			"rideHeight": [ 12, 6, 6, 18 ],
			"rodLength": [ 18.928770065307617, 18.928770065307617, 68.267929077148438, 68.267929077148438 ],
			"splitter": 0,
			"rearWing": 2,
			"brakeDuct": [ 3, 3 ]
		},
		"drivetrain":
		{
			"preload": 9
		}
	},
	"trackBopType": 29
}