{
	"carName": "amr_v8_vantage_gt3",
	"basicSetup":
	{
		"tyres":
		{
			"tyreCompound": 0,
			"tyrePressure": [ 51, 65, 51, 63 ]
		},
		"alignment":
		{
			"camber": [ 2, 2, 3, 3 ],
			"toe": [ 30, 30, 52, 52 ],
			"staticCamber": [ -5.1815357208251953, -5.1734499931335449, -4.7454538345336914, -4.73681640625 ],
			"toeOutLinear": [ 0.0001649777841521427, 0.00016513903392478824, 0.000340573227731511, 0.00034057171433232725 ],
			"casterLF": 3,
			"casterRF": 3,
			"steerRatio": 0
		},
		"electronics":
		{
			"tC1": 4,
			"tC2": 4,
			"abs": 4,
			"eCUMap": 0,
			"fuelMix": 0,
			"telemetryLaps": 0
		},
		"strategy":
		{
			"fuel": 18,
			"nPitStops": 0,
			"tyreSet": 2,
			"frontBrakePadCompound": 0,
			"rearBrakePadCompound": 0,
			"pitStrategy": [
				{
					"fuelToAdd": 0,
					"tyres":
					{
						"tyreCompound": 0,
						"tyrePressure": [ 50, 63, 50, 61 ]
					},
					"tyreSet": 2,
					"frontBrakePadCompound": 1,
					"rearBrakePadCompound": 1
				}
			],
			"fuelPerLap": 2.4451770782470703
		}
	},
	"advancedSetup":
	{
		"mechanicalBalance":
		{
			"aRBFront": 3,
			"aRBRear": 4,
			"wheelRate": [ 2, 2, 4, 4 ],
			"bumpStopRateUp": [ 6, 6, 4, 4 ],
			"bumpStopRateDn": [ 0, 0, 10, 10 ],
			"bumpStopWindow": [ 3, 3, 55, 55 ],
			"brakeTorque": 20,
			"brakeBias": 20
		},
		"dampers":
		{
			"bumpSlow": [ 22, 22, 11, 11 ],
			"bumpFast": [ 20, 20, 15, 15 ],
			"reboundSlow": [ 20, 20, 20, 20 ],
			"reboundFast": [ 23, 23, 20, 20 ]
		},
		"aeroBalance":
		{
			"rideHeight": [ 0, 6, 20, 18 ],
			"rodLength": [ 59.015331268310547, 59.015331268310547, 65.306617736816406, 65.306617736816406 ],
			"splitter": 0,
			"rearWing": 6,
			"brakeDuct": [ 5, 4 ]
		},
		"drivetrain":
		{
			"preload": 1
		}
	},
	"trackBopType": 28
}