{
	"carName": "lexus_rc_f_gt3",
	"basicSetup":
	{
		"tyres":
		{
			"tyreCompound": 0,
			"tyrePressure": [ 51, 63, 57, 65 ]
		},
		"alignment":
		{
			"camber": [ 2, 2, 3, 3 ],
			"toe": [ 35, 35, 51, 51 ],
			"staticCamber": [ -3.337404727935791, -3.3281905651092529, -2.039647102355957, -2.0333690643310547 ],
			"toeOutLinear": [ -0.00011906029976671562, -0.00011905507562914863, 0.0012509115040302277, 0.0012509453808888793 ],
			"casterLF": 22,
			"casterRF": 22,
			"steerRatio": 0
		},
		"electronics":
		{
			"tC1": 3,
			"tC2": 0,
			"abs": 3,
			"eCUMap": 2,
			"fuelMix": 0,
			"telemetryLaps": 0
		},
		"strategy":
		{
			"fuel": 48,
			"nPitStops": 0,
			"tyreSet": 4,
			"frontBrakePadCompound": 0,
			"rearBrakePadCompound": 0,
			"pitStrategy": [
				{
					"fuelToAdd": 0,
					"tyres":
					{
						"tyreCompound": 0,
						"tyrePressure": [ 57, 66, 53, 61 ]
					},
					"tyreSet": 2,
					"frontBrakePadCompound": 1,
					"rearBrakePadCompound": 1
				}
			],
			"fuelPerLap": 3.3232364654541016
		}
	},
	"advancedSetup":
	{
		"mechanicalBalance":
		{
			"aRBFront": 3,
			"aRBRear": 2,
			"wheelRate": [ 3, 3, 3, 3 ],
			"bumpStopRateUp": [ 6, 6, 3, 3 ],
			"bumpStopRateDn": [ 0, 0, 10, 10 ],
			"bumpStopWindow": [ 0, 0, 50, 50 ],
			"brakeTorque": 20,
			"brakeBias": 66
		},
		"dampers":
		{
			"bumpSlow": [ 11, 11, 15, 15 ],
			"bumpFast": [ 10, 10, 10, 10 ],
			"reboundSlow": [ 15, 15, 25, 25 ],
			"reboundFast": [ 20, 20, 18, 18 ]
		},
		"aeroBalance":
		{
			"rideHeight": [ 5, 6, 4, 18 ],
			"rodLength": [ -16.233005523681641, -16.233005523681641, -18.797119140625, -18.797119140625 ],
			"splitter": 0,
			"rearWing": 0,
			"brakeDuct": [ 3, 2 ]
		},
		"drivetrain":
		{
			"preload": 6
		}
	},
	"trackBopType": 25
}