{
	"carName": "porsche_991ii_gt3_r",
	"basicSetup":
	{
		"tyres":
		{
			"tyreCompound": 0,
			"tyrePressure": [ 52, 66, 54, 61 ]
		},
		"alignment":
		{
			"camber": [ 0, 0, 3, 3 ],
			"toe": [ 33, 33, 55, 55 ],
			"staticCamber": [ -5.1292600631713867, -5.1216168403625488, -0.29570680856704712, -0.29006436467170715 ],
			"toeOutLinear": [ -0.00010693404328776523, -0.00010694249795051292, -0.0059104990214109421, -0.0059106522239744663 ],
			"casterLF": 16,
			"casterRF": 16,
			"steerRatio": 0
		},
		"electronics":
		{
			"tC1": 3,
			"tC2": 3,
			"abs": 3,
			"eCUMap": 7,
			"fuelMix": 0,
			"telemetryLaps": 99
		},
		"strategy":
		{
			"fuel": 118,
			"nPitStops": 0,
			"tyreSet": 0,
			"frontBrakePadCompound": 1,
			"rearBrakePadCompound": 1,
			"pitStrategy": [
				{
					"fuelToAdd": 0,
					"tyres":
					{
						"tyreCompound": 0,
						"tyrePressure": [ 60, 66, 56, 61 ]
					},
					"tyreSet": 2,
					"frontBrakePadCompound": 1,
					"rearBrakePadCompound": 1
				}
			],
			"fuelPerLap": 2.4378840923309326
		}
	},
	"advancedSetup":
	{
		"mechanicalBalance":
		{
			"aRBFront": 2,
			"aRBRear": 4,
			"wheelRate": [ 5, 5, 3, 3 ],
			"bumpStopRateUp": [ 8, 8, 4, 4 ],
			"bumpStopRateDn": [ 0, 0, 10, 10 ],
			"bumpStopWindow": [ 0, 0, 40, 40 ],
			"brakeTorque": 20,
			"brakeBias": 45
		},
		"dampers":
		{
			"bumpSlow": [ 7, 7, 6, 6 ],
			"bumpFast": [ 6, 6, 5, 5 ],
			"reboundSlow": [ 7, 7, 8, 8 ],
			"reboundFast": [ 6, 6, 7, 7 ]
		},
		"aeroBalance":
		{
			"rideHeight": [ 2, 11, 17, 18 ],
			"rodLength": [ 55.487735748291016, 55.487735748291016, -47.875625610351563, -47.875625610351563 ],
			"splitter": 1,
			"rearWing": 10,
			"brakeDuct": [ 4, 4 ]
		},
		"drivetrain":
		{
			"preload": 5
		}
	},
	"trackBopType": 36
}