{"carName":"porsche_991ii_gt3_r","basicSetup":{"tyres":{"tyreCompound":0,"tyrePressure":[46,61,45,56]},"alignment":{"camber":[0,0,0,0],"toe":[0,0,0,0],"staticCamber":[-5.151183605194092,-5.141904830932617,-0.8247032761573792,-0.8164531588554382],"toeOutLinear":[0.0007542314124293625,0.0007542255334556103,-0.0035514961928129196,-0.0035515488125383854],"casterLF":11,"casterRF":11,"steerRatio":3},"electronics":{"tC1":2,"tC2":2,"abs":4,"eCUMap":7,"fuelMix":0,"telemetryLaps":5},"strategy":{"fuel":118,"nPitStops":0,"tyreSet":2,"frontBrakePadCompound":1,"rearBrakePadCompound":1,"pitStrategy":[{"fuelToAdd":0,"tyres":{"tyreCompound":0,"tyrePressure":[50,62,48,57]},"tyreSet":2,"frontBrakePadCompound":1,"rearBrakePadCompound":1}],"fuelPerLap":2.4835002422332764}},"advancedSetup":{"mechanicalBalance":{"aRBFront":1,"aRBRear":4,"wheelRate":[0,0,1,1],"bumpStopRateUp":[5,5,9,9],"bumpStopRateDn":[0,0,10,10],"bumpStopWindow":[12,12,0,0],"brakeTorque":20,"brakeBias":28},"dampers":{"bumpSlow":[9,9,9,9],"bumpFast":[12,12,9,9],"reboundSlow":[7,7,11,11],"reboundFast":[12,12,10,10]},"aeroBalance":{"rideHeight":[0,11,20,18],"rodLength":[59.97162628173828,59.97162628173828,-43.298221588134766,-43.298221588134766],"splitter":0,"rearWing":12,"brakeDuct":[4,3]},"drivetrain":{"preload":8}},"trackBopType":36}