{
	"carName": "bentley_continental_gt3_2018",
	"basicSetup":
	{
		"tyres":
		{
			"tyreCompound": 0,
			"tyrePressure": [ 64, 57, 62, 59 ]
		},
		"alignment":
		{
			"camber": [ 5, 5, 3, 3 ],
			"toe": [ 20, 20, 46, 46 ],
			"staticCamber": [ -4.2006421089172363, -4.2052197456359863, -2.6493620872497559, -2.6516098976135254 ],
			"toeOutLinear": [ 0.00059110601432621479, 0.00059105950640514493, -0.00031491281697526574, -0.00031493912683799863 ],
			"casterLF": 23,
			"casterRF": 23,
			"steerRatio": 1
		},
		"electronics":
		{
			"tC1": 3,
			"tC2": 0,
			"abs": 3,
			"eCUMap": 0,
			"fuelMix": 0,
			"telemetryLaps": 6
		},
		"strategy":
		{
			"fuel": 13,
			"nPitStops": 0,
			"tyreSet": 0,
			"frontBrakePadCompound": 0,
			"rearBrakePadCompound": 0,
			"pitStrategy": [
				{
					"fuelToAdd": 0,
					"tyres":
					{
						"tyreCompound": 0,
						"tyrePressure": [ 61, 67, 61, 67 ]
					},
					"tyreSet": 0,
					"frontBrakePadCompound": 0,
					"rearBrakePadCompound": 0
				}
			],
			"fuelPerLap": 2.4500000476837158
		}
	},
	"advancedSetup":
	{
		"mechanicalBalance":
		{
			"aRBFront": 4,
			"aRBRear": 5,
			"wheelRate": [ 9, 9, 10, 10 ],
			"bumpStopRateUp": [ 4, 4, 12, 12 ],
			"bumpStopRateDn": [ 0, 0, 10, 10 ],
			"bumpStopWindow": [ 1, 1, 25, 25 ],
			"brakeTorque": 20,
			"brakeBias": 28
		},
		"dampers":
		{
			"bumpSlow": [ 15, 15, 15, 15 ],
			"bumpFast": [ 14, 14, 9, 9 ],
			"reboundSlow": [ 15, 15, 26, 26 ],
			"reboundFast": [ 17, 17, 11, 11 ]
		},
		"aeroBalance":
		{
			"rideHeight": [ 3, 6, 29, 18 ],
			"rodLength": [ 6.4789581298828125, 6.4789581298828125, 0.64165866374969482, 0.64165866374969482 ],
			"splitter": 0,
			"rearWing": 10,
			"brakeDuct": [ 3, 2 ]
		},
		"drivetrain":
		{
			"preload": 3
		}
	}
}