{
	"carName": "porsche_991ii_gt3_r",
	"basicSetup":
	{
		"tyres":
		{
			"tyreCompound": 0,
			"tyrePressure": [ 43, 59, 43, 53 ]
		},
		"alignment":
		{
			"camber": [ 28, 27, 12, 12 ],
			"toe": [ 30, 30, 38, 38 ],
			"staticCamber": [ -4.8255610466003418, -4.9139533042907715, -0.93921279907226563, -0.97188806533813477 ],
			"toeOutLinear": [ 2.5192375687765889e-05, 2.5327126422780566e-05, -0.0041265645995736122, -0.004130097571760416 ],
			"casterLF": 28,
			"casterRF": 28,
			"steerRatio": 3
		},
		"electronics":
		{
			"tC1": 2,
			"tC2": 2,
			"abs": 3,
			"eCUMap": 7,
			"fuelMix": 0,
			"telemetryLaps": 0
		},
		"strategy":
		{
			"fuel": 11,
			"nPitStops": 0,
			"tyreSet": 7,
			"frontBrakePadCompound": 0,
			"rearBrakePadCompound": 0,
			"pitStrategy": [
				{
					"fuelToAdd": 0,
					"tyres":
					{
						"tyreCompound": 0,
						"tyrePressure": [ 43, 59, 42, 53 ]
					},
					"tyreSet": 2,
					"frontBrakePadCompound": 1,
					"rearBrakePadCompound": 1
				}
			],
			"fuelPerLap": 3.0253310203552246
		}
	},
	"advancedSetup":
	{
		"mechanicalBalance":
		{
			"aRBFront": 2,
			"aRBRear": 2,
			"wheelRate": [ 6, 6, 6, 6 ],
			"bumpStopRateUp": [ 5, 5, 2, 2 ],
			"bumpStopRateDn": [ 0, 0, 10, 10 ],
			"bumpStopWindow": [ 2, 2, 50, 50 ],
			"brakeTorque": 20,
			"brakeBias": 60
		},
		"dampers":
		{
			"bumpSlow": [ 5, 5, 3, 3 ],
			"bumpFast": [ 6, 6, 4, 4 ],
			"reboundSlow": [ 5, 5, 4, 4 ],
			"reboundFast": [ 7, 7, 6, 6 ]
		},
		"aeroBalance":
		{
			"rideHeight": [ 0, 11, 17, 18 ],
			"rodLength": [ 52.575138092041016, 52.575138092041016, -33.066249847412109, -33.066249847412109 ],
			"splitter": 4,
			"rearWing": 5,
			"brakeDuct": [ 4, 3 ]
		},
		"drivetrain":
		{
			"preload": 8
		}
	}
}