{
	"carName": "porsche_991ii_gt3_r",
	"basicSetup":
	{
		"tyres":
		{
			"tyreCompound": 0,
			"tyrePressure": [ 56, 69, 53, 63 ]
		},
		"alignment":
		{
			"camber": [ 0, 0, 0, 0 ],
			"toe": [ 30, 30, 55, 55 ],
			"staticCamber": [ -5.1171150207519531, -5.1112556457519531, -0.55533736944198608, -0.54713171720504761 ],
			"toeOutLinear": [ 2.7195497750653885e-05, 2.7184723876416683e-05, -0.0059214867651462555, -0.005921283271163702 ],
			"casterLF": 11,
			"casterRF": 11,
			"steerRatio": 2
		},
		"electronics":
		{
			"tC1": 3,
			"tC2": 3,
			"abs": 3,
			"eCUMap": 7,
			"fuelMix": 0,
			"telemetryLaps": 0
		},
		"strategy":
		{
			"fuel": 40,
			"nPitStops": 0,
			"tyreSet": 4,
			"frontBrakePadCompound": 0,
			"rearBrakePadCompound": 0,
			"pitStrategy": [
				{
					"fuelToAdd": 0,
					"tyres":
					{
						"tyreCompound": 0,
						"tyrePressure": [ 50, 62, 48, 57 ]
					},
					"tyreSet": 2,
					"frontBrakePadCompound": 1,
					"rearBrakePadCompound": 1
				}
			],
			"fuelPerLap": 2.7054204940795898
		}
	},
	"advancedSetup":
	{
		"mechanicalBalance":
		{
			"aRBFront": 2,
			"aRBRear": 2,
			"wheelRate": [ 5, 5, 3, 3 ],
			"bumpStopRateUp": [ 6, 6, 2, 2 ],
			"bumpStopRateDn": [ 0, 0, 10, 10 ],
			"bumpStopWindow": [ 0, 0, 50, 50 ],
			"brakeTorque": 20,
			"brakeBias": 61
		},
		"dampers":
		{
			"bumpSlow": [ 9, 9, 7, 7 ],
			"bumpFast": [ 4, 4, 3, 3 ],
			"reboundSlow": [ 9, 9, 10, 10 ],
			"reboundFast": [ 5, 5, 4, 4 ]
		},
		"aeroBalance":
		{
			"rideHeight": [ 0, 11, 16, 18 ],
			"rodLength": [ 50.827545166015625, 50.827545166015625, -48.654319763183594, -48.654319763183594 ],
			"splitter": 1,
			"rearWing": 8,
			"brakeDuct": [ 4, 4 ]
		},
		"drivetrain":
		{
			"preload": 4
		}
	},
	"trackBopType": 35
}