{
	"carName": "bmw_m4_gt3",
	"basicSetup":
	{
		"tyres":
		{
			"tyreCompound": 0,
			"tyrePressure": [ 44, 56, 46, 56 ]
		},
		"alignment":
		{
			"camber": [ 0, 0, 0, 0 ],
			"toe": [ 10, 10, 5, 5 ],
			"staticCamber": [ -4.1255006790161133, -4.1172213554382324, -2.8369278907775879, -2.8297243118286133 ],
			"toeOutLinear": [ 0.00018358317902311683, 0.00018358397937845439, 7.07334911567159e-05, 7.0734837208874524e-05 ],
			"casterLF": 19,
			"casterRF": 19,
			"steerRatio": 4
		},
		"electronics":
		{
			"tC1": 3,
			"tC2": 0,
			"abs": 3,
			"eCUMap": 0,
			"fuelMix": 0,
			"telemetryLaps": 6
		},
		"strategy":
		{
			"fuel": 93,
			"nPitStops": 0,
			"tyreSet": 1,
			"frontBrakePadCompound": 1,
			"rearBrakePadCompound": 1,
			"pitStrategy": [
				{
					"fuelToAdd": 95,
					"tyres":
					{
						"tyreCompound": 0,
						"tyrePressure": [ 44, 56, 46, 56 ]
					},
					"tyreSet": 2,
					"frontBrakePadCompound": 1,
					"rearBrakePadCompound": 1
				}
			],
			"fuelPerLap": 3.1775608062744141
		}
	},
	"advancedSetup":
	{
		"mechanicalBalance":
		{
			"aRBFront": 3,
			"aRBRear": 4,
			"wheelRate": [ 2, 2, 3, 3 ],
			"bumpStopRateUp": [ 6, 6, 6, 6 ],
			"bumpStopRateDn": [ 0, 0, 10, 10 ],
			"bumpStopWindow": [ 5, 5, 30, 30 ],
			"brakeTorque": 20,
			"brakeBias": 15
		},
		"dampers":
		{
			"bumpSlow": [ 14, 14, 14, 14 ],
			"bumpFast": [ 20, 20, 8, 8 ],
			"reboundSlow": [ 23, 23, 24, 24 ],
			"reboundFast": [ 25, 25, 18, 18 ]
		},
		"aeroBalance":
		{
			"rideHeight": [ 0, 11, 15, 18 ],
			"rodLength": [ 23.489927291870117, 23.489927291870117, 9.7072057723999023, 9.7072057723999023 ],
			"splitter": 0,
			"rearWing": 8,
			"brakeDuct": [ 4, 4 ]
		},
		"drivetrain":
		{
			"preload": 6
		}
	},
	"trackBopType": 52
}