{"carName":"bmw_m4_gt3","basicSetup":{"tyres":{"tyreCompound":0,"tyrePressure":[50,53,53,55]},"alignment":{"camber":[0,0,0,0],"toe":[10,10,0,0],"staticCamber":[-4.126514911651611,-4.124456405639648,-3.2002928256988525,-3.198847770690918],"toeOutLinear":[0.00021761358948424459,0.00021761345851700753,0.00007957935304148123,0.00007957820344017819],"casterLF":32,"casterRF":32,"steerRatio":3},"electronics":{"tC1":8,"tC2":0,"abs":4,"eCUMap":0,"fuelMix":0,"telemetryLaps":5},"strategy":{"fuel":118,"nPitStops":0,"tyreSet":9,"frontBrakePadCompound":1,"rearBrakePadCompound":1,"pitStrategy":[{"fuelToAdd":0,"tyres":{"tyreCompound":0,"tyrePressure":[43,57,50,57]},"tyreSet":2,"frontBrakePadCompound":1,"rearBrakePadCompound":1}],"fuelPerLap":3.1496810913085938}},"advancedSetup":{"mechanicalBalance":{"aRBFront":4,"aRBRear":4,"wheelRate":[4,4,2,2],"bumpStopRateUp":[5,5,5,5],"bumpStopRateDn":[0,0,10,10],"bumpStopWindow":[10,10,10,10],"brakeTorque":20,"brakeBias":11},"dampers":{"bumpSlow":[11,11,0,0],"bumpFast":[14,14,13,13],"reboundSlow":[27,27,20,20],"reboundFast":[17,17,18,18]},"aeroBalance":{"rideHeight":[0,11,22,18],"rodLength":[19.834840774536133,19.834840774536133,19.877037048339844,19.877037048339844],"splitter":0,"rearWing":7,"brakeDuct":[4,4]},"drivetrain":{"preload":16}},"trackBopType":34}