{
	"carName": "mclaren_720s_gt3",
	"basicSetup":
	{
		"tyres":
		{
			"tyreCompound": 0,
			"tyrePressure": [ 55, 63, 57, 63 ]
		},
		"alignment":
		{
			"camber": [ 8, 8, 12, 12 ],
			"toe": [ 21, 21, 20, 20 ],
			"staticCamber": [ -4.8389806747436523, -4.8239450454711914, -5.032872200012207, -5.0258526802062988 ],
			"toeOutLinear": [ 0.0019440969917923212, 0.0019436058355495334, 0.00047236887621693313, 0.00047281777369789779 ],
			"casterLF": 11,
			"casterRF": 11,
			"steerRatio": 2
		},
		"electronics":
		{
			"tC1": 2,
			"tC2": 6,
			"abs": 3,
			"eCUMap": 0,
			"fuelMix": 0,
			"telemetryLaps": 0
		},
		"strategy":
		{
			"fuel": 12,
			"nPitStops": 0,
			"tyreSet": 5,
			"frontBrakePadCompound": 0,
			"rearBrakePadCompound": 0,
			"pitStrategy": [
				{
					"fuelToAdd": 0,
					"tyres":
					{
						"tyreCompound": 0,
						"tyrePressure": [ 56, 53, 52, 51 ]
					},
					"tyreSet": 2,
					"frontBrakePadCompound": 1,
					"rearBrakePadCompound": 1
				}
			],
			"fuelPerLap": 3.6573715209960938
		}
	},
	"advancedSetup":
	{
		"mechanicalBalance":
		{
			"aRBFront": 10,
			"aRBRear": 12,
			"wheelRate": [ 3, 3, 5, 5 ],
			"bumpStopRateUp": [ 10, 10, 2, 2 ],
			"bumpStopRateDn": [ 0, 0, 10, 10 ],
			"bumpStopWindow": [ 5, 5, 26, 26 ],
			"brakeTorque": 20,
			"brakeBias": 52
		},
		"dampers":
		{
			"bumpSlow": [ 24, 24, 18, 18 ],
			"bumpFast": [ 24, 24, 17, 17 ],
			"reboundSlow": [ 19, 19, 19, 19 ],
			"reboundFast": [ 20, 20, 19, 19 ]
		},
		"aeroBalance":
		{
			"rideHeight": [ 5, 6, 19, 18 ],
			"rodLength": [ 63.043384552001953, 63.043384552001953, 47.936569213867188, 47.936569213867188 ],
			"splitter": 0,
			"rearWing": 6,
			"brakeDuct": [ 3, 2 ]
		},
		"drivetrain":
		{
			"preload": 9
		}
	}
}