{
	"carName": "lexus_rc_f_gt3",
	"basicSetup":
	{
		"tyres":
		{
			"tyreCompound": 0,
			"tyrePressure": [ 52, 52, 56, 56 ]
		},
		"alignment":
		{
			"camber": [ 0, 0, 0, 0 ],
			"toe": [ 30, 30, 50, 50 ],
			"staticCamber": [ -3.7282614707946777, -3.7289845943450928, -2.736825704574585, -2.7369985580444336 ],
			"toeOutLinear": [ 0.00015071860980242491, 0.00015068329230416566, 0.0006857577245682478, 0.00068578840000554919 ],
			"casterLF": 22,
			"casterRF": 22,
			"steerRatio": 3
		},
		"electronics":
		{
			"tC1": 6,
			"tC2": 0,
			"abs": 6,
			"eCUMap": 0,
			"fuelMix": 0,
			"telemetryLaps": 0
		},
		"strategy":
		{
			"fuel": 60,
			"nPitStops": 0,
			"tyreSet": 0,
			"frontBrakePadCompound": 1,
			"rearBrakePadCompound": 1,
			"pitStrategy": [
				{
					"fuelToAdd": 0,
					"tyres":
					{
						"tyreCompound": 0,
						"tyrePressure": [ 0, 0, 0, 0 ]
					},
					"tyreSet": 2,
					"frontBrakePadCompound": 0,
					"rearBrakePadCompound": 0
				}
			],
			"fuelPerLap": 3.3499999046325684
		}
	},
	"advancedSetup":
	{
		"mechanicalBalance":
		{
			"aRBFront": 4,
			"aRBRear": 2,
			"wheelRate": [ 3, 3, 3, 3 ],
			"bumpStopRateUp": [ 4, 4, 3, 3 ],
			"bumpStopRateDn": [ 0, 0, 10, 10 ],
			"bumpStopWindow": [ 4, 4, 50, 50 ],
			"brakeTorque": 20,
			"brakeBias": 64
		},
		"dampers":
		{
			"bumpSlow": [ 10, 10, 15, 15 ],
			"bumpFast": [ 10, 10, 10, 10 ],
			"reboundSlow": [ 15, 15, 25, 25 ],
			"reboundFast": [ 20, 20, 18, 18 ]
		},
		"aeroBalance":
		{
			"rideHeight": [ 14, 6, 15, 18 ],
			"rodLength": [ -7.4774289131164551, -7.4774289131164551, -7.7463526725769043, -7.7463526725769043 ],
			"splitter": 0,
			"rearWing": 12,
			"brakeDuct": [ 4, 4 ]
		},
		"drivetrain":
		{
			"preload": 1
		}
	},
	"trackBopType": 27
}