{
	"carName": "ferrari_488_gt3",
	"basicSetup":
	{
		"tyres":
		{
			"tyreCompound": 0,
			"tyrePressure": [ 70, 80, 75, 84 ]
		},
		"alignment":
		{
			"camber": [ 2, 2, 2, 2 ],
			"toe": [ 20, 20, 60, 60 ],
			"staticCamber": [ -2.6844830513000488, -2.6806342601776123, -2.215996265411377, -2.2087106704711914 ],
			"toeOutLinear": [ 0.00024748779833316803, 0.00024715726613067091, -0.00018094877304974943, -0.00018083809118252248 ],
			"casterLF": 46,
			"casterRF": 46,
			"steerRatio": 0
		},
		"electronics":
		{
			"tC1": 3,
			"tC2": 6,
			"abs": 3,
			"eCUMap": 0,
			"fuelMix": 0,
			"telemetryLaps": 0
		},
		"strategy":
		{
			"fuel": 38,
			"nPitStops": 0,
			"tyreSet": 2,
			"frontBrakePadCompound": 0,
			"rearBrakePadCompound": 0,
			"pitStrategy": [
				{
					"fuelToAdd": 0,
					"tyres":
					{
						"tyreCompound": 0,
						"tyrePressure": [ 54, 54, 48, 48 ]
					},
					"tyreSet": 2,
					"frontBrakePadCompound": 1,
					"rearBrakePadCompound": 1
				}
			],
			"fuelPerLap": 2.2041053771972656
		}
	},
	"advancedSetup":
	{
		"mechanicalBalance":
		{
			"aRBFront": 17,
			"aRBRear": 1,
			"wheelRate": [ 8, 8, 2, 2 ],
			"bumpStopRateUp": [ 7, 7, 2, 2 ],
			"bumpStopRateDn": [ 0, 0, 10, 10 ],
			"bumpStopWindow": [ 2, 2, 50, 50 ],
			"brakeTorque": 20,
			"brakeBias": 45
		},
		"dampers":
		{
			"bumpSlow": [ 8, 8, 8, 8 ],
			"bumpFast": [ 2, 2, 3, 3 ],
			"reboundSlow": [ 3, 3, 3, 3 ],
			"reboundFast": [ 4, 4, 4, 4 ]
		},
		"aeroBalance":
		{
			"rideHeight": [ 5, 6, 6, 18 ],
			"rodLength": [ -31.656688690185547, -31.656688690185547, -20.437273025512695, -20.437273025512695 ],
			"splitter": 0,
			"rearWing": 12,
			"brakeDuct": [ 2, 2 ]
		},
		"drivetrain":
		{
			"preload": 9
		}
	},
	"trackBopType": 37
}