{
	"carName": "ferrari_488_gt3",
	"basicSetup":
	{
		"tyres":
		{
			"tyreCompound": 0,
			"tyrePressure": [ 53, 64, 53, 62 ]
		},
		"alignment":
		{
			"camber": [ 2, 2, 1, 1 ],
			"toe": [ 32, 32, 52, 52 ],
			"staticCamber": [ -2.5390169620513916, -2.5320725440979004, -2.163435697555542, -2.1560473442077637 ],
			"toeOutLinear": [ -8.3055492723360658e-05, -8.1988626334350556e-05, -0.000395450450014323, -0.00039511139038950205 ],
			"casterLF": 46,
			"casterRF": 46,
			"steerRatio": 0
		},
		"electronics":
		{
			"tC1": 4,
			"tC2": 3,
			"abs": 4,
			"eCUMap": 0,
			"fuelMix": 0,
			"telemetryLaps": 0
		},
		"strategy":
		{
			"fuel": 33,
			"nPitStops": 0,
			"tyreSet": 3,
			"frontBrakePadCompound": 1,
			"rearBrakePadCompound": 1,
			"pitStrategy": [
				{
					"fuelToAdd": 0,
					"tyres":
					{
						"tyreCompound": 0,
						"tyrePressure": [ 50, 55, 50, 53 ]
					},
					"tyreSet": 2,
					"frontBrakePadCompound": 1,
					"rearBrakePadCompound": 1
				}
			],
			"fuelPerLap": 2.763007640838623
		}
	},
	"advancedSetup":
	{
		"mechanicalBalance":
		{
			"aRBFront": 25,
			"aRBRear": 11,
			"wheelRate": [ 8, 8, 5, 5 ],
			"bumpStopRateUp": [ 7, 7, 2, 2 ],
			"bumpStopRateDn": [ 0, 0, 10, 10 ],
			"bumpStopWindow": [ 1, 1, 50, 50 ],
			"brakeTorque": 20,
			"brakeBias": 53
		},
		"dampers":
		{
			"bumpSlow": [ 8, 8, 4, 4 ],
			"bumpFast": [ 4, 2, 3, 3 ],
			"reboundSlow": [ 7, 7, 5, 5 ],
			"reboundFast": [ 4, 4, 4, 4 ]
		},
		"aeroBalance":
		{
			"rideHeight": [ 0, 6, 1, 18 ],
			"rodLength": [ -36.22564697265625, -36.22564697265625, -28.189458847045898, -28.189458847045898 ],
			"splitter": 0,
			"rearWing": 10,
			"brakeDuct": [ 4, 4 ]
		},
		"drivetrain":
		{
			"preload": 6
		}
	},
	"trackBopType": 27
}