{
	"carName": "porsche_991ii_gt3_r",
	"basicSetup":
	{
		"tyres":
		{
			"tyreCompound": 0,
			"tyrePressure": [ 62, 56, 57, 50 ]
		},
		"alignment":
		{
			"camber": [ 25, 25, 20, 20 ],
			"toe": [ 36, 36, 55, 55 ],
			"staticCamber": [ -5.0782332420349121, -5.0810561180114746, 0.079458378255367279, 0.074302159249782562 ],
			"toeOutLinear": [ -0.0001985032286029309, -0.00019857505685649812, -0.005945092998445034, -0.0059452978894114494 ],
			"casterLF": 11,
			"casterRF": 11,
			"steerRatio": 0
		},
		"electronics":
		{
			"tC1": 3,
			"tC2": 3,
			"abs": 4,
			"eCUMap": 7,
			"fuelMix": 0,
			"telemetryLaps": 0
		},
		"strategy":
		{
			"fuel": 28,
			"nPitStops": 0,
			"tyreSet": 7,
			"frontBrakePadCompound": 1,
			"rearBrakePadCompound": 1,
			"pitStrategy": [
				{
					"fuelToAdd": 0,
					"tyres":
					{
						"tyreCompound": 0,
						"tyrePressure": [ 56, 51, 54, 50 ]
					},
					"tyreSet": 2,
					"frontBrakePadCompound": 1,
					"rearBrakePadCompound": 1
				}
			],
			"fuelPerLap": 2.1032078266143799
		}
	},
	"advancedSetup":
	{
		"mechanicalBalance":
		{
			"aRBFront": 4,
			"aRBRear": 3,
			"wheelRate": [ 6, 6, 4, 4 ],
			"bumpStopRateUp": [ 9, 9, 2, 2 ],
			"bumpStopRateDn": [ 0, 0, 10, 10 ],
			"bumpStopWindow": [ 1, 1, 50, 50 ],
			"brakeTorque": 20,
			"brakeBias": 61
		},
		"dampers":
		{
			"bumpSlow": [ 9, 9, 7, 7 ],
			"bumpFast": [ 6, 6, 5, 5 ],
			"reboundSlow": [ 10, 10, 6, 6 ],
			"reboundFast": [ 7, 7, 12, 12 ]
		},
		"aeroBalance":
		{
			"rideHeight": [ 1, 11, 14, 18 ],
			"rodLength": [ 49.965843200683594, 49.965843200683594, -53.018016815185547, -53.018016815185547 ],
			"splitter": 2,
			"rearWing": 8,
			"brakeDuct": [ 4, 3 ]
		},
		"drivetrain":
		{
			"preload": 7
		}
	},
	"trackBopType": 15
}