{
	"carName": "ferrari_488_gt3",
	"basicSetup":
	{
		"tyres":
		{
			"tyreCompound": 0,
			"tyrePressure": [ 57, 53, 59, 55 ]
		},
		"alignment":
		{
			"camber": [ 12, 12, 13, 13 ],
			"toe": [ 28, 28, 48, 48 ],
			"staticCamber": [ -2.602107048034668, -2.5969305038452148, -2.560387134552002, -2.5613267421722412 ],
			"toeOutLinear": [ -0.0021552892867475748, -0.002156747505068779, -0.00011065693979617208, -0.00011068158346461132 ],
			"casterLF": 40,
			"casterRF": 40,
			"steerRatio": 4
		},
		"electronics":
		{
			"tC1": 3,
			"tC2": 3,
			"abs": 4,
			"eCUMap": 0,
			"fuelMix": 0,
			"telemetryLaps": 15
		},
		"strategy":
		{
			"fuel": 8,
			"nPitStops": 0,
			"tyreSet": 1,
			"frontBrakePadCompound": 0,
			"rearBrakePadCompound": 0,
			"pitStrategy": [
				{
					"fuelToAdd": 0,
					"tyres":
					{
						"tyreCompound": 0,
						"tyrePressure": [ 61, 55, 62, 59 ]
					},
					"tyreSet": 2,
					"frontBrakePadCompound": 1,
					"rearBrakePadCompound": 1
				}
			],
			"fuelPerLap": 1.9648317098617554
		}
	},
	"advancedSetup":
	{
		"mechanicalBalance":
		{
			"aRBFront": 28,
			"aRBRear": 9,
			"wheelRate": [ 7, 7, 3, 3 ],
			"bumpStopRateUp": [ 9, 9, 4, 4 ],
			"bumpStopRateDn": [ 0, 0, 10, 10 ],
			"bumpStopWindow": [ 4, 4, 60, 60 ],
			"brakeTorque": 20,
			"brakeBias": 42
		},
		"dampers":
		{
			"bumpSlow": [ 4, 4, 3, 3 ],
			"bumpFast": [ 5, 5, 5, 5 ],
			"reboundSlow": [ 4, 4, 3, 3 ],
			"reboundFast": [ 4, 4, 6, 6 ]
		},
		"aeroBalance":
		{
			"rideHeight": [ 3, 6, 4, 18 ],
			"rodLength": [ -31.131122589111328, -31.131122589111328, -21.144880294799805, -21.144880294799805 ],
			"splitter": 0,
			"rearWing": 10,
			"brakeDuct": [ 4, 4 ]
		},
		"drivetrain":
		{
			"preload": 10
		}
	}
}