{
	"carName": "chevrolet_camaro_gt4r",
	"basicSetup":
	{
		"tyres":
		{
			"tyreCompound": 0,
			"tyrePressure": [ 39, 58, 46, 57 ]
		},
		"alignment":
		{
			"camber": [ 5, 5, 5, 5 ],
			"toe": [ 13, 13, 15, 15 ],
			"staticCamber": [ -5.6326398849487305, -5.6186714172363281, -4.1152939796447754, -4.1077075004577637 ],
			"toeOutLinear": [ -6.4805266447365284e-05, -6.4950370870064944e-05, 0.00095588172553107142, 0.00095636461628600955 ],
			"casterLF": 0,
			"casterRF": 0,
			"steerRatio": 0
		},
		"electronics":
		{
			"tC1": 1,
			"tC2": 0,
			"abs": 2,
			"eCUMap": 0,
			"fuelMix": 0,
			"telemetryLaps": 0
		},
		"strategy":
		{
			"fuel": 58,
			"nPitStops": 0,
			"tyreSet": 3,
			"frontBrakePadCompound": 0,
			"rearBrakePadCompound": 0,
			"pitStrategy": [
				{
					"fuelToAdd": 0,
					"tyres":
					{
						"tyreCompound": 0,
						"tyrePressure": [ 26, 44, 32, 46 ]
					},
					"tyreSet": 2,
					"frontBrakePadCompound": 1,
					"rearBrakePadCompound": 1
				}
			],
			"fuelPerLap": 2.2639083862304688
		}
	},
	"advancedSetup":
	{
		"mechanicalBalance":
		{
			"aRBFront": 0,
			"aRBRear": 2,
			"wheelRate": [ 0, 0, 1, 1 ],
			"bumpStopRateUp": [ 0, 0, 0, 0 ],
			"bumpStopRateDn": [ 0, 0, 10, 10 ],
			"bumpStopWindow": [ 0, 0, 0, 0 ],
			"brakeTorque": 20,
			"brakeBias": 35
		},
		"dampers":
		{
			"bumpSlow": [ 9, 9, 12, 12 ],
			"bumpFast": [ 0, 0, 0, 0 ],
			"reboundSlow": [ 12, 12, 15, 15 ],
			"reboundFast": [ 0, 0, 0, 0 ]
		},
		"aeroBalance":
		{
			"rideHeight": [ 0, 0, 1, 0 ],
			"rodLength": [ 92.005340576171875, 92.005340576171875, 51.7681884765625, 51.7681884765625 ],
			"splitter": 0,
			"rearWing": 1,
			"brakeDuct": [ 5, 3 ]
		},
		"drivetrain":
		{
			"preload": 1
		}
	},
	"trackBopType": 8
}