{
	"carName": "mercedes_amg_gt3_evo",
	"basicSetup":
	{
		"tyres":
		{
			"tyreCompound": 0,
			"tyrePressure": [ 48, 64, 56, 68 ]
		},
		"alignment":
		{
			"camber": [ 7, 5, 6, 6 ],
			"toe": [ 30, 30, 46, 46 ],
			"staticCamber": [ -3.1540358066558838, -3.3500974178314209, -3.5642750263214111, -3.5545492172241211 ],
			"toeOutLinear": [ 8.3141283539589494e-05, 8.3381390140857548e-05, 9.3969370936974883e-05, 9.3171045591589063e-05 ],
			"casterLF": 33,
			"casterRF": 33,
			"steerRatio": 1
		},
		"electronics":
		{
			"tC1": 2,
			"tC2": 0,
			"abs": 3,
			"eCUMap": 0,
			"fuelMix": 0,
			"telemetryLaps": 0
		},
		"strategy":
		{
			"fuel": 18,
			"nPitStops": 0,
			"tyreSet": 3,
			"frontBrakePadCompound": 0,
			"rearBrakePadCompound": 0,
			"pitStrategy": [
				{
					"fuelToAdd": 0,
					"tyres":
					{
						"tyreCompound": 0,
						"tyrePressure": [ 40, 57, 45, 55 ]
					},
					"tyreSet": 2,
					"frontBrakePadCompound": 1,
					"rearBrakePadCompound": 1
				}
			],
			"fuelPerLap": 2.8376712799072266
		}
	},
	"advancedSetup":
	{
		"mechanicalBalance":
		{
			"aRBFront": 3,
			"aRBRear": 4,
			"wheelRate": [ 0, 0, 3, 3 ],
			"bumpStopRateUp": [ 4, 4, 3, 3 ],
			"bumpStopRateDn": [ 0, 0, 10, 10 ],
			"bumpStopWindow": [ 21, 21, 50, 50 ],
			"brakeTorque": 20,
			"brakeBias": 50
		},
		"dampers":
		{
			"bumpSlow": [ 8, 8, 5, 5 ],
			"bumpFast": [ 4, 4, 3, 3 ],
			"reboundSlow": [ 6, 6, 7, 7 ],
			"reboundFast": [ 6, 6, 6, 6 ]
		},
		"aeroBalance":
		{
			"rideHeight": [ 8, 6, 5, 18 ],
			"rodLength": [ 17.101617813110352, 17.101617813110352, 66.167816162109375, 66.167816162109375 ],
			"splitter": 4,
			"rearWing": 4,
			"brakeDuct": [ 4, 3 ]
		},
		"drivetrain":
		{
			"preload": 4
		}
	},
	"trackBopType": 27
}