{
	"carName": "audi_r8_lms_evo",
	"basicSetup":
	{
		"tyres":
		{
			"tyreCompound": 0,
			"tyrePressure": [ 56, 56, 53, 54 ]
		},
		"alignment":
		{
			"camber": [ 1, 1, 0, 0 ],
			"toe": [ 25, 25, 60, 60 ],
			"staticCamber": [ -4.1132893562316895, -4.1132898330688477, -3.3617005348205566, -3.3609490394592285 ],
			"toeOutLinear": [ 0.00056261004647240043, 0.00056259735720232129, 0.00067525618942454457, 0.00067526090424507856 ],
			"casterLF": 15,
			"casterRF": 15,
			"steerRatio": 0
		},
		"electronics":
		{
			"tC1": 2,
			"tC2": 0,
			"abs": 3,
			"eCUMap": 0,
			"fuelMix": 0,
			"telemetryLaps": 0
		},
		"strategy":
		{
			"fuel": 60,
			"nPitStops": 0,
			"tyreSet": 2,
			"frontBrakePadCompound": 1,
			"rearBrakePadCompound": 1,
			"pitStrategy": [
				{
					"fuelToAdd": 0,
					"tyres":
					{
						"tyreCompound": 0,
						"tyrePressure": [ 56, 56, 53, 54 ]
					},
					"tyreSet": 2,
					"frontBrakePadCompound": 1,
					"rearBrakePadCompound": 1
				}
			],
			"fuelPerLap": 3.8994579315185547
		}
	},
	"advancedSetup":
	{
		"mechanicalBalance":
		{
			"aRBFront": 4,
			"aRBRear": 3,
			"wheelRate": [ 1, 1, 3, 3 ],
			"bumpStopRateUp": [ 7, 7, 2, 2 ],
			"bumpStopRateDn": [ 0, 0, 10, 10 ],
			"bumpStopWindow": [ 0, 0, 60, 60 ],
			"brakeTorque": 20,
			"brakeBias": 60
		},
		"dampers":
		{
			"bumpSlow": [ 25, 25, 22, 22 ],
			"bumpFast": [ 20, 20, 18, 18 ],
			"reboundSlow": [ 25, 25, 28, 28 ],
			"reboundFast": [ 30, 30, 22, 22 ]
		},
		"aeroBalance":
		{
			"rideHeight": [ 9, 6, 13, 18 ],
			"rodLength": [ 36.529327392578125, 36.529327392578125, 13.651963233947754, 13.651963233947754 ],
			"splitter": 0,
			"rearWing": 2,
			"brakeDuct": [ 3, 3 ]
		},
		"drivetrain":
		{
			"preload": 13
		}
	},
	"trackBopType": 29
}