{
	"carName": "amr_v8_vantage_gt3",
	"basicSetup":
	{
		"tyres":
		{
			"tyreCompound": 0,
			"tyrePressure": [ 53, 63, 55, 61 ]
		},
		"alignment":
		{
			"camber": [ 3, 3, 3, 3 ],
			"toe": [ 30, 30, 50, 50 ],
			"staticCamber": [ -5.1029949188232422, -5.0972161293029785, -4.9730429649353027, -4.9687299728393555 ],
			"toeOutLinear": [ 0.00016525737009942532, 0.00016532620065845549, 0.00030210157274268568, 0.00030211670673452318 ],
			"casterLF": 3,
			"casterRF": 3,
			"steerRatio": 1
		},
		"electronics":
		{
			"tC1": 2,
			"tC2": 8,
			"abs": 3,
			"eCUMap": 0,
			"fuelMix": 0,
			"telemetryLaps": 0
		},
		"strategy":
		{
			"fuel": 0,
			"nPitStops": 0,
			"tyreSet": 3,
			"frontBrakePadCompound": 0,
			"rearBrakePadCompound": 0,
			"pitStrategy": [
				{
					"fuelToAdd": 0,
					"tyres":
					{
						"tyreCompound": 0,
						"tyrePressure": [ 50, 63, 50, 61 ]
					},
					"tyreSet": 2,
					"frontBrakePadCompound": 1,
					"rearBrakePadCompound": 1
				}
			],
			"fuelPerLap": 2.5999999046325684
		}
	},
	"advancedSetup":
	{
		"mechanicalBalance":
		{
			"aRBFront": 3,
			"aRBRear": 3,
			"wheelRate": [ 3, 3, 4, 4 ],
			"bumpStopRateUp": [ 5, 5, 4, 4 ],
			"bumpStopRateDn": [ 0, 0, 10, 10 ],
			"bumpStopWindow": [ 10, 10, 55, 55 ],
			"brakeTorque": 20,
			"brakeBias": 21
		},
		"dampers":
		{
			"bumpSlow": [ 22, 22, 12, 12 ],
			"bumpFast": [ 20, 20, 15, 15 ],
			"reboundSlow": [ 22, 22, 20, 20 ],
			"reboundFast": [ 25, 25, 20, 20 ]
		},
		"aeroBalance":
		{
			"rideHeight": [ 1, 6, 30, 18 ],
			"rodLength": [ 58.522018432617188, 58.522018432617188, 74.637619018554688, 74.637619018554688 ],
			"splitter": 0,
			"rearWing": 8,
			"brakeDuct": [ 3, 2 ]
		},
		"drivetrain":
		{
			"preload": 1
		}
	},
	"trackBopType": 28
}