{
	"carName": "porsche_991ii_gt3_r",
	"basicSetup":
	{
		"tyres":
		{
			"tyreCompound": 0,
			"tyrePressure": [ 60, 69, 59, 66 ]
		},
		"alignment":
		{
			"camber": [ 21, 21, 10, 10 ],
			"toe": [ 35, 35, 45, 45 ],
			"staticCamber": [ -5.4604182243347168, -5.4567370414733887, -1.019194483757019, -1.0129244327545166 ],
			"toeOutLinear": [ -0.00016714392404537648, -0.00016726677131373435, -0.0055148033425211906, -0.0055145900696516037 ],
			"casterLF": 11,
			"casterRF": 11,
			"steerRatio": 3
		},
		"electronics":
		{
			"tC1": 3,
			"tC2": 4,
			"abs": 4,
			"eCUMap": 7,
			"fuelMix": 0,
			"telemetryLaps": 0
		},
		"strategy":
		{
			"fuel": 11,
			"nPitStops": 0,
			"tyreSet": 2,
			"frontBrakePadCompound": 0,
			"rearBrakePadCompound": 0,
			"pitStrategy": [
				{
					"fuelToAdd": 0,
					"tyres":
					{
						"tyreCompound": 0,
						"tyrePressure": [ 50, 62, 48, 57 ]
					},
					"tyreSet": 2,
					"frontBrakePadCompound": 1,
					"rearBrakePadCompound": 1
				}
			],
			"fuelPerLap": 2.7999999523162842
		}
	},
	"advancedSetup":
	{
		"mechanicalBalance":
		{
			"aRBFront": 2,
			"aRBRear": 1,
			"wheelRate": [ 6, 6, 6, 6 ],
			"bumpStopRateUp": [ 6, 6, 2, 2 ],
			"bumpStopRateDn": [ 0, 0, 10, 10 ],
			"bumpStopWindow": [ 4, 4, 50, 50 ],
			"brakeTorque": 20,
			"brakeBias": 50
		},
		"dampers":
		{
			"bumpSlow": [ 9, 9, 7, 7 ],
			"bumpFast": [ 3, 3, 2, 2 ],
			"reboundSlow": [ 11, 11, 9, 9 ],
			"reboundFast": [ 5, 5, 5, 5 ]
		},
		"aeroBalance":
		{
			"rideHeight": [ 0, 11, 15, 18 ],
			"rodLength": [ 48.817035675048828, 48.817035675048828, -52.625358581542969, -52.625358581542969 ],
			"splitter": 5,
			"rearWing": 12,
			"brakeDuct": [ 2, 2 ]
		},
		"drivetrain":
		{
			"preload": 3
		}
	},
	"trackBopType": 22
}