{
	"carName": "ferrari_488_gt3_evo",
	"basicSetup":
	{
		"tyres":
		{
			"tyreCompound": 0,
			"tyrePressure": [ 57, 68, 60, 68 ]
		},
		"alignment":
		{
			"camber": [ 1, 1, 0, 0 ],
			"toe": [ 30, 30, 50, 50 ],
			"staticCamber": [ -3.0575618743896484, -3.0522377490997314, -2.2853603363037109, -2.2789087295532227 ],
			"toeOutLinear": [ 0.00097100448329001665, 0.00097098370315507054, -0.00043507906957529485, -0.0004341833118814975 ],
			"casterLF": 46,
			"casterRF": 46,
			"steerRatio": 0
		},
		"electronics":
		{
			"tC1": 4,
			"tC2": 3,
			"abs": 4,
			"eCUMap": 2,
			"fuelMix": 0,
			"telemetryLaps": 0
		},
		"strategy":
		{
			"fuel": 34,
			"nPitStops": 0,
			"tyreSet": 1,
			"frontBrakePadCompound": 0,
			"rearBrakePadCompound": 0,
			"pitStrategy": [
				{
					"fuelToAdd": 0,
					"tyres":
					{
						"tyreCompound": 0,
						"tyrePressure": [ 45, 50, 40, 46 ]
					},
					"tyreSet": 2,
					"frontBrakePadCompound": 1,
					"rearBrakePadCompound": 1
				}
			],
			"fuelPerLap": 2.9427239894866943
		}
	},
	"advancedSetup":
	{
		"mechanicalBalance":
		{
			"aRBFront": 31,
			"aRBRear": 1,
			"wheelRate": [ 9, 9, 1, 1 ],
			"bumpStopRateUp": [ 10, 10, 2, 2 ],
			"bumpStopRateDn": [ 0, 0, 10, 10 ],
			"bumpStopWindow": [ 1, 1, 50, 50 ],
			"brakeTorque": 20,
			"brakeBias": 65
		},
		"dampers":
		{
			"bumpSlow": [ 9, 9, 5, 5 ],
			"bumpFast": [ 3, 3, 4, 4 ],
			"reboundSlow": [ 5, 5, 6, 6 ],
			"reboundFast": [ 6, 6, 6, 6 ]
		},
		"aeroBalance":
		{
			"rideHeight": [ 4, 6, 2, 18 ],
			"rodLength": [ -33.086986541748047, -33.086986541748047, -22.444145202636719, -22.444145202636719 ],
			"splitter": 0,
			"rearWing": 0,
			"brakeDuct": [ 3, 3 ]
		},
		"drivetrain":
		{
			"preload": 23
		}
	},
	"trackBopType": 25
}