{
	"carName": "mercedes_amg_gt4",
	"basicSetup":
	{
		"tyres":
		{
			"tyreCompound": 0,
			"tyrePressure": [ 41, 52, 39, 47 ]
		},
		"alignment":
		{
			"camber": [ 5, 5, 5, 5 ],
			"toe": [ 8, 8, 10, 10 ],
			"staticCamber": [ -4.5839180946350098, -4.5719819068908691, -3.1956334114074707, -3.1901543140411377 ],
			"toeOutLinear": [ -0.00041363324271515012, -0.00041365131619386375, 0.00014154081873130053, 0.00014173834642861038 ],
			"casterLF": 13,
			"casterRF": 13,
			"steerRatio": 0
		},
		"electronics":
		{
			"tC1": 1,
			"tC2": 0,
			"abs": 2,
			"eCUMap": 0,
			"fuelMix": 0,
			"telemetryLaps": 0
		},
		"strategy":
		{
			"fuel": 38,
			"nPitStops": 0,
			"tyreSet": 4,
			"frontBrakePadCompound": 1,
			"rearBrakePadCompound": 1,
			"pitStrategy": [
				{
					"fuelToAdd": 0,
					"tyres":
					{
						"tyreCompound": 0,
						"tyrePressure": [ 35, 51, 37, 43 ]
					},
					"tyreSet": 2,
					"frontBrakePadCompound": 1,
					"rearBrakePadCompound": 1
				}
			],
			"fuelPerLap": 2.6164023876190186
		}
	},
	"advancedSetup":
	{
		"mechanicalBalance":
		{
			"aRBFront": 0,
			"aRBRear": 1,
			"wheelRate": [ 1, 1, 0, 0 ],
			"bumpStopRateUp": [ 1, 1, 0, 0 ],
			"bumpStopRateDn": [ 0, 0, 10, 10 ],
			"bumpStopWindow": [ 0, 0, 0, 0 ],
			"brakeTorque": 20,
			"brakeBias": 1
		},
		"dampers":
		{
			"bumpSlow": [ 10, 10, 13, 13 ],
			"bumpFast": [ 0, 0, 0, 0 ],
			"reboundSlow": [ 10, 10, 18, 18 ],
			"reboundFast": [ 0, 0, 0, 0 ]
		},
		"aeroBalance":
		{
			"rideHeight": [ 0, 11, 2, 18 ],
			"rodLength": [ 57.321819305419922, 57.321819305419922, 45.291309356689453, 45.291309356689453 ],
			"splitter": 0,
			"rearWing": 0,
			"brakeDuct": [ 4, 3 ]
		},
		"drivetrain":
		{
			"preload": 2
		}
	},
	"trackBopType": 8
}