{
	"carName": "bmw_m6_gt3",
	"basicSetup":
	{
		"tyres":
		{
			"tyreCompound": 0,
			"tyrePressure": [ 56, 48, 61, 57 ]
		},
		"alignment":
		{
			"camber": [ 7, 7, 2, 2 ],
			"toe": [ 8, 8, 10, 10 ],
			"staticCamber": [ -3.7061047554016113, -3.8888611793518066, -3.2053883075714111, -3.2568643093109131 ],
			"toeOutLinear": [ 0.00027245603268966079, 0.00027184048667550087, 0.00028548063710331917, 0.00028116675093770027 ],
			"casterLF": 13,
			"casterRF": 13,
			"steerRatio": 4
		},
		"electronics":
		{
			"tC1": 2,
			"tC2": 0,
			"abs": 2,
			"eCUMap": 0,
			"fuelMix": 0,
			"telemetryLaps": 0
		},
		"strategy":
		{
			"fuel": 12,
			"nPitStops": 0,
			"tyreSet": 5,
			"frontBrakePadCompound": 0,
			"rearBrakePadCompound": 0,
			"pitStrategy": [
				{
					"fuelToAdd": 0,
					"tyres":
					{
						"tyreCompound": 0,
						"tyrePressure": [ 57, 50, 59, 56 ]
					},
					"tyreSet": 2,
					"frontBrakePadCompound": 0,
					"rearBrakePadCompound": 0
				}
			],
			"fuelPerLap": 2.1881227493286133
		}
	},
	"advancedSetup":
	{
		"mechanicalBalance":
		{
			"aRBFront": 4,
			"aRBRear": 4,
			"wheelRate": [ 3, 3, 4, 4 ],
			"bumpStopRateUp": [ 7, 7, 2, 2 ],
			"bumpStopRateDn": [ 0, 0, 10, 10 ],
			"bumpStopWindow": [ 4, 4, 30, 30 ],
			"brakeTorque": 20,
			"brakeBias": 38
		},
		"dampers":
		{
			"bumpSlow": [ 20, 20, 20, 20 ],
			"bumpFast": [ 20, 20, 15, 15 ],
			"reboundSlow": [ 26, 26, 20, 20 ],
			"reboundFast": [ 25, 25, 18, 18 ]
		},
		"aeroBalance":
		{
			"rideHeight": [ 0, 11, 15, 18 ],
			"rodLength": [ 14.66569709777832, 14.66569709777832, 29.274759292602539, 29.274759292602539 ],
			"splitter": 0,
			"rearWing": 6,
			"brakeDuct": [ 4, 3 ]
		},
		"drivetrain":
		{
			"preload": 6
		}
	}
}