{
	"carName": "mercedes_amg_gt3_evo",
	"basicSetup":
	{
		"tyres":
		{
			"tyreCompound": 0,
			"tyrePressure": [ 51, 60, 56, 62 ]
		},
		"alignment":
		{
			"camber": [ 25, 25, 12, 12 ],
			"toe": [ 30, 30, 52, 52 ],
			"staticCamber": [ -3.3624322414398193, -3.3564298152923584, -3.4746572971343994, -3.4714169502258301 ],
			"toeOutLinear": [ 8.8685075752437115e-05, 8.9071545517072082e-05, 0.00022764421009924263, 0.00022785532928537577 ],
			"casterLF": 34,
			"casterRF": 34,
			"steerRatio": 0
		},
		"electronics":
		{
			"tC1": 3,
			"tC2": 0,
			"abs": 3,
			"eCUMap": 0,
			"fuelMix": 0,
			"telemetryLaps": 0
		},
		"strategy":
		{
			"fuel": 48,
			"nPitStops": 0,
			"tyreSet": 4,
			"frontBrakePadCompound": 0,
			"rearBrakePadCompound": 0,
			"pitStrategy": [
				{
					"fuelToAdd": 0,
					"tyres":
					{
						"tyreCompound": 0,
						"tyrePressure": [ 46, 53, 51, 56 ]
					},
					"tyreSet": 2,
					"frontBrakePadCompound": 1,
					"rearBrakePadCompound": 1
				}
			],
			"fuelPerLap": 2.7628192901611328
		}
	},
	"advancedSetup":
	{
		"mechanicalBalance":
		{
			"aRBFront": 5,
			"aRBRear": 5,
			"wheelRate": [ 1, 1, 1, 1 ],
			"bumpStopRateUp": [ 4, 4, 3, 3 ],
			"bumpStopRateDn": [ 0, 0, 10, 10 ],
			"bumpStopWindow": [ 25, 25, 50, 50 ],
			"brakeTorque": 20,
			"brakeBias": 53
		},
		"dampers":
		{
			"bumpSlow": [ 6, 6, 5, 5 ],
			"bumpFast": [ 4, 4, 2, 2 ],
			"reboundSlow": [ 8, 8, 7, 7 ],
			"reboundFast": [ 6, 6, 6, 6 ]
		},
		"aeroBalance":
		{
			"rideHeight": [ 8, 6, 8, 18 ],
			"rodLength": [ 15.509871482849121, 15.509871482849121, 77.356292724609375, 77.356292724609375 ],
			"splitter": 6,
			"rearWing": 8,
			"brakeDuct": [ 4, 3 ]
		},
		"drivetrain":
		{
			"preload": 1
		}
	},
	"trackBopType": 20
}