{
	"carName": "mercedes_amg_gt3_evo",
	"basicSetup":
	{
		"tyres":
		{
			"tyreCompound": 0,
			"tyrePressure": [ 52, 62, 56, 62 ]
		},
		"alignment":
		{
			"camber": [ 0, 0, 3, 3 ],
			"toe": [ 30, 30, 44, 44 ],
			"staticCamber": [ -3.9969782829284668, -3.9909098148345947, -3.8241174221038818, -3.819249153137207 ],
			"toeOutLinear": [ 0.00020393752492964268, 0.00020395062165334821, 2.5699475372675806e-05, 2.5786484911805019e-05 ],
			"casterLF": 33,
			"casterRF": 33,
			"steerRatio": 0
		},
		"electronics":
		{
			"tC1": 3,
			"tC2": 0,
			"abs": 3,
			"eCUMap": 0,
			"fuelMix": 0,
			"telemetryLaps": 6
		},
		"strategy":
		{
			"fuel": 58,
			"nPitStops": 0,
			"tyreSet": 4,
			"frontBrakePadCompound": 0,
			"rearBrakePadCompound": 0,
			"pitStrategy": [
				{
					"fuelToAdd": 0,
					"tyres":
					{
						"tyreCompound": 0,
						"tyrePressure": [ 58, 55, 59, 59 ]
					},
					"tyreSet": 2,
					"frontBrakePadCompound": 1,
					"rearBrakePadCompound": 1
				}
			],
			"fuelPerLap": 3.6204288005828857
		}
	},
	"advancedSetup":
	{
		"mechanicalBalance":
		{
			"aRBFront": 2,
			"aRBRear": 4,
			"wheelRate": [ 1, 1, 3, 3 ],
			"bumpStopRateUp": [ 4, 4, 1, 1 ],
			"bumpStopRateDn": [ 0, 0, 10, 10 ],
			"bumpStopWindow": [ 18, 18, 55, 55 ],
			"brakeTorque": 20,
			"brakeBias": 41
		},
		"dampers":
		{
			"bumpSlow": [ 7, 7, 6, 6 ],
			"bumpFast": [ 4, 4, 6, 6 ],
			"reboundSlow": [ 6, 6, 6, 6 ],
			"reboundFast": [ 7, 7, 7, 7 ]
		},
		"aeroBalance":
		{
			"rideHeight": [ 10, 6, 0, 18 ],
			"rodLength": [ 17.892795562744141, 17.892795562744141, 62.887351989746094, 62.887351989746094 ],
			"splitter": 0,
			"rearWing": 0,
			"brakeDuct": [ 3, 2 ]
		},
		"drivetrain":
		{
			"preload": 6
		}
	},
	"trackBopType": 25
}