{
	"carName": "lamborghini_gallardo_rex",
	"basicSetup":
	{
		"tyres":
		{
			"tyreCompound": 0,
			"tyrePressure": [ 62, 61, 55, 60 ]
		},
		"alignment":
		{
			"camber": [ 1, 1, 0, 0 ],
			"toe": [ 15, 15, 65, 65 ],
			"staticCamber": [ -0.90799975395202637, -0.90832465887069702, -2.3997447490692139, -2.3958284854888916 ],
			"toeOutLinear": [ -9.903034515446052e-05, -9.9024517112411559e-05, 0.00053658289834856987, 0.00053647079039365053 ],
			"casterLF": 15,
			"casterRF": 15,
			"steerRatio": 0
		},
		"electronics":
		{
			"tC1": 2,
			"tC2": 0,
			"abs": 3,
			"eCUMap": 0,
			"fuelMix": 0,
			"telemetryLaps": 0
		},
		"strategy":
		{
			"fuel": 60,
			"nPitStops": 0,
			"tyreSet": 4,
			"frontBrakePadCompound": 1,
			"rearBrakePadCompound": 1,
			"pitStrategy": [
				{
					"fuelToAdd": 0,
					"tyres":
					{
						"tyreCompound": 0,
						"tyrePressure": [ 50, 55, 47, 52 ]
					},
					"tyreSet": 2,
					"frontBrakePadCompound": 1,
					"rearBrakePadCompound": 1
				}
			],
			"fuelPerLap": 4.2300529479980469
		}
	},
	"advancedSetup":
	{
		"mechanicalBalance":
		{
			"aRBFront": 2,
			"aRBRear": 3,
			"wheelRate": [ 8, 8, 10, 10 ],
			"bumpStopRateUp": [ 6, 6, 2, 2 ],
			"bumpStopRateDn": [ 0, 0, 10, 10 ],
			"bumpStopWindow": [ 1, 1, 72, 72 ],
			"brakeTorque": 20,
			"brakeBias": 55
		},
		"dampers":
		{
			"bumpSlow": [ 24, 24, 20, 20 ],
			"bumpFast": [ 15, 15, 20, 20 ],
			"reboundSlow": [ 15, 15, 18, 18 ],
			"reboundFast": [ 23, 23, 23, 23 ]
		},
		"aeroBalance":
		{
			"rideHeight": [ 0, 6, 20, 18 ],
			"rodLength": [ -76.466926574707031, -76.466926574707031, -54.761924743652344, -54.761924743652344 ],
			"splitter": 0,
			"rearWing": 2,
			"brakeDuct": [ 2, 2 ]
		},
		"drivetrain":
		{
			"preload": 5
		}
	},
	"trackBopType": 29
}