{
	"carName": "honda_nsx_gt3_evo",
	"basicSetup":
	{
		"tyres":
		{
			"tyreCompound": 0,
			"tyrePressure": [ 50, 50, 50, 50 ]
		},
		"alignment":
		{
			"camber": [ 5, 5, 5, 5 ],
			"toe": [ 30, 30, 50, 50 ],
			"staticCamber": [ -2.7821249961853027, -2.7813639640808105, -2.4240999221801758, -2.4233930110931396 ],
			"toeOutLinear": [ 0.00065800000447779894, 0.00065800000447779894, 0.0010369999799877405, 0.0010369999799877405 ],
			"casterLF": 4,
			"casterRF": 4,
			"steerRatio": 4
		},
		"electronics":
		{
			"tC1": 6,
			"tC2": 6,
			"abs": 6,
			"eCUMap": 0,
			"fuelMix": 0,
			"telemetryLaps": 0
		},
		"strategy":
		{
			"fuel": 60,
			"nPitStops": 0,
			"tyreSet": 0,
			"frontBrakePadCompound": 1,
			"rearBrakePadCompound": 1,
			"pitStrategy": [
				{
					"fuelToAdd": 0,
					"tyres":
					{
						"tyreCompound": 0,
						"tyrePressure": [ 55, 55, 48, 48 ]
					},
					"tyreSet": 2,
					"frontBrakePadCompound": 1,
					"rearBrakePadCompound": 1
				}
			],
			"fuelPerLap": 3.3499999046325684
		}
	},
	"advancedSetup":
	{
		"mechanicalBalance":
		{
			"aRBFront": 7,
			"aRBRear": 7,
			"wheelRate": [ 8, 8, 4, 4 ],
			"bumpStopRateUp": [ 1, 1, 2, 2 ],
			"bumpStopRateDn": [ 0, 0, 10, 10 ],
			"bumpStopWindow": [ 2, 2, 15, 15 ],
			"brakeTorque": 20,
			"brakeBias": 55
		},
		"dampers":
		{
			"bumpSlow": [ 8, 8, 8, 8 ],
			"bumpFast": [ 8, 8, 8, 8 ],
			"reboundSlow": [ 8, 8, 8, 8 ],
			"reboundFast": [ 8, 8, 8, 8 ]
		},
		"aeroBalance":
		{
			"rideHeight": [ 4, 6, 8, 18 ],
			"rodLength": [ -7.6261868476867676, -7.6261868476867676, -2.3501598834991455, -2.3501598834991455 ],
			"splitter": 0,
			"rearWing": 10,
			"brakeDuct": [ 4, 4 ]
		},
		"drivetrain":
		{
			"preload": 3
		}
	},
	"trackBopType": 52
}