{
	"carName": "ferrari_488_gt3",
	"basicSetup":
	{
		"tyres":
		{
			"tyreCompound": 0,
			"tyrePressure": [ 60, 66, 61, 63 ]
		},
		"alignment":
		{
			"camber": [ 2, 2, 0, 0 ],
			"toe": [ 31, 31, 50, 50 ],
			"staticCamber": [ -2.6006152629852295, -2.5978813171386719, -2.3178493976593018, -2.3161177635192871 ],
			"toeOutLinear": [ -0.0001609903119970113, -0.00016098920605145395, -0.00042608627700246871, -0.00042610277887433767 ],
			"casterLF": 46,
			"casterRF": 46,
			"steerRatio": 1
		},
		"electronics":
		{
			"tC1": 3,
			"tC2": 3,
			"abs": 4,
			"eCUMap": 0,
			"fuelMix": 0,
			"telemetryLaps": 0
		},
		"strategy":
		{
			"fuel": 56,
			"nPitStops": 0,
			"tyreSet": 4,
			"frontBrakePadCompound": 0,
			"rearBrakePadCompound": 0,
			"pitStrategy": [
				{
					"fuelToAdd": 0,
					"tyres":
					{
						"tyreCompound": 0,
						"tyrePressure": [ 52, 57, 53, 55 ]
					},
					"tyreSet": 2,
					"frontBrakePadCompound": 1,
					"rearBrakePadCompound": 1
				}
			],
			"fuelPerLap": 2.5771846771240234
		}
	},
	"advancedSetup":
	{
		"mechanicalBalance":
		{
			"aRBFront": 24,
			"aRBRear": 2,
			"wheelRate": [ 8, 8, 4, 4 ],
			"bumpStopRateUp": [ 7, 7, 2, 2 ],
			"bumpStopRateDn": [ 0, 0, 10, 10 ],
			"bumpStopWindow": [ 4, 4, 50, 50 ],
			"brakeTorque": 20,
			"brakeBias": 53
		},
		"dampers":
		{
			"bumpSlow": [ 8, 8, 5, 5 ],
			"bumpFast": [ 5, 5, 5, 5 ],
			"reboundSlow": [ 7, 7, 5, 5 ],
			"reboundFast": [ 5, 5, 6, 6 ]
		},
		"aeroBalance":
		{
			"rideHeight": [ 3, 6, 3, 18 ],
			"rodLength": [ -32.311679840087891, -32.311679840087891, -24.736915588378906, -24.736915588378906 ],
			"splitter": 0,
			"rearWing": 9,
			"brakeDuct": [ 4, 3 ]
		},
		"drivetrain":
		{
			"preload": 4
		}
	},
	"trackBopType": 34
}