{
	"carName": "porsche_991_gt3_r",
	"basicSetup":
	{
		"tyres":
		{
			"tyreCompound": 0,
			"tyrePressure": [ 62, 64, 57, 59 ]
		},
		"alignment":
		{
			"camber": [ 0, 0, 2, 2 ],
			"toe": [ 20, 20, 55, 55 ],
			"staticCamber": [ -4.236457347869873, -4.2269454002380371, -3.4847440719604492, -3.483184814453125 ],
			"toeOutLinear": [ 0.0007239021360874176, 0.00071043480420485139, -0.00056305143516510725, -0.00056305009638890624 ],
			"casterLF": 11,
			"casterRF": 11,
			"steerRatio": 3
		},
		"electronics":
		{
			"tC1": 3,
			"tC2": 0,
			"abs": 3,
			"eCUMap": 3,
			"fuelMix": 0,
			"telemetryLaps": 0
		},
		"strategy":
		{
			"fuel": 48,
			"nPitStops": 0,
			"tyreSet": 0,
			"frontBrakePadCompound": 0,
			"rearBrakePadCompound": 0,
			"pitStrategy": [
				{
					"fuelToAdd": 0,
					"tyres":
					{
						"tyreCompound": 0,
						"tyrePressure": [ 0, 0, 0, 0 ]
					},
					"tyreSet": 2,
					"frontBrakePadCompound": 0,
					"rearBrakePadCompound": 0
				}
			],
			"fuelPerLap": 4.1999998092651367
		}
	},
	"advancedSetup":
	{
		"mechanicalBalance":
		{
			"aRBFront": 3,
			"aRBRear": 3,
			"wheelRate": [ 5, 5, 5, 5 ],
			"bumpStopRateUp": [ 9, 9, 2, 2 ],
			"bumpStopRateDn": [ 0, 0, 10, 10 ],
			"bumpStopWindow": [ 0, 0, 50, 50 ],
			"brakeTorque": 20,
			"brakeBias": 57
		},
		"dampers":
		{
			"bumpSlow": [ 6, 6, 3, 3 ],
			"bumpFast": [ 5, 5, 3, 3 ],
			"reboundSlow": [ 6, 6, 9, 9 ],
			"reboundFast": [ 4, 4, 6, 6 ]
		},
		"aeroBalance":
		{
			"rideHeight": [ 0, 11, 14, 18 ],
			"rodLength": [ 21.022075653076172, 21.022075653076172, 20.822111129760742, 20.822111129760742 ],
			"splitter": 0,
			"rearWing": 7,
			"brakeDuct": [ 3, 3 ]
		},
		"drivetrain":
		{
			"preload": 7
		}
	},
	"trackBopType": 29
}