{
	"carName": "lexus_rc_f_gt3",
	"basicSetup":
	{
		"tyres":
		{
			"tyreCompound": 0,
			"tyrePressure": [ 51, 59, 55, 62 ]
		},
		"alignment":
		{
			"camber": [ 2, 2, 1, 1 ],
			"toe": [ 30, 30, 50, 50 ],
			"staticCamber": [ -3.3473312854766846, -3.3414952754974365, -2.6401922702789307, -2.6349344253540039 ],
			"toeOutLinear": [ 3.9522958104498684e-05, 3.9531241782242432e-05, -0.00018223142251372337, -0.00018221345089841634 ],
			"casterLF": 22,
			"casterRF": 22,
			"steerRatio": 0
		},
		"electronics":
		{
			"tC1": 3,
			"tC2": 0,
			"abs": 4,
			"eCUMap": 0,
			"fuelMix": 0,
			"telemetryLaps": 0
		},
		"strategy":
		{
			"fuel": 60,
			"nPitStops": 0,
			"tyreSet": 1,
			"frontBrakePadCompound": 1,
			"rearBrakePadCompound": 1,
			"pitStrategy": [
				{
					"fuelToAdd": 0,
					"tyres":
					{
						"tyreCompound": 0,
						"tyrePressure": [ 53, 57, 51, 56 ]
					},
					"tyreSet": 2,
					"frontBrakePadCompound": 1,
					"rearBrakePadCompound": 1
				}
			],
			"fuelPerLap": 2.654541015625
		}
	},
	"advancedSetup":
	{
		"mechanicalBalance":
		{
			"aRBFront": 5,
			"aRBRear": 1,
			"wheelRate": [ 3, 3, 2, 2 ],
			"bumpStopRateUp": [ 4, 4, 3, 3 ],
			"bumpStopRateDn": [ 0, 0, 10, 10 ],
			"bumpStopWindow": [ 1, 1, 50, 50 ],
			"brakeTorque": 20,
			"brakeBias": 64
		},
		"dampers":
		{
			"bumpSlow": [ 10, 10, 15, 15 ],
			"bumpFast": [ 10, 10, 12, 12 ],
			"reboundSlow": [ 15, 15, 25, 25 ],
			"reboundFast": [ 20, 20, 18, 18 ]
		},
		"aeroBalance":
		{
			"rideHeight": [ 5, 6, 15, 18 ],
			"rodLength": [ -16.397249221801758, -16.397249221801758, -5.0624995231628418, -5.0624995231628418 ],
			"splitter": 0,
			"rearWing": 12,
			"brakeDuct": [ 3, 3 ]
		},
		"drivetrain":
		{
			"preload": 5
		}
	},
	"trackBopType": 37
}