{
	"carName": "porsche_991ii_gt3_r",
	"basicSetup":
	{
		"tyres":
		{
			"tyreCompound": 0,
			"tyrePressure": [ 55, 64, 51, 57 ]
		},
		"alignment":
		{
			"camber": [ 0, 0, 0, 0 ],
			"toe": [ 30, 30, 30, 30 ],
			"staticCamber": [ -5.1093921661376953, -5.1049151420593262, -0.78755068778991699, -0.7830730676651001 ],
			"toeOutLinear": [ 5.1325761887710541e-05, 5.1326212997082621e-05, -0.0048095444217324257, -0.0048095462843775749 ],
			"casterLF": 28,
			"casterRF": 28,
			"steerRatio": 3
		},
		"electronics":
		{
			"tC1": 2,
			"tC2": 2,
			"abs": 3,
			"eCUMap": 7,
			"fuelMix": 0,
			"telemetryLaps": 0
		},
		"strategy":
		{
			"fuel": 60,
			"nPitStops": 0,
			"tyreSet": 2,
			"frontBrakePadCompound": 0,
			"rearBrakePadCompound": 0,
			"pitStrategy": [
				{
					"fuelToAdd": 0,
					"tyres":
					{
						"tyreCompound": 0,
						"tyrePressure": [ 50, 62, 48, 57 ]
					},
					"tyreSet": 2,
					"frontBrakePadCompound": 1,
					"rearBrakePadCompound": 1
				}
			],
			"fuelPerLap": 3.1674067974090576
		}
	},
	"advancedSetup":
	{
		"mechanicalBalance":
		{
			"aRBFront": 0,
			"aRBRear": 3,
			"wheelRate": [ 0, 0, 0, 0 ],
			"bumpStopRateUp": [ 6, 6, 2, 2 ],
			"bumpStopRateDn": [ 0, 0, 10, 10 ],
			"bumpStopWindow": [ 17, 17, 20, 20 ],
			"brakeTorque": 20,
			"brakeBias": 20
		},
		"dampers":
		{
			"bumpSlow": [ 9, 9, 7, 7 ],
			"bumpFast": [ 4, 4, 4, 4 ],
			"reboundSlow": [ 11, 11, 8, 8 ],
			"reboundFast": [ 6, 6, 7, 7 ]
		},
		"aeroBalance":
		{
			"rideHeight": [ 0, 11, 20, 18 ],
			"rodLength": [ 57.495391845703125, 57.495391845703125, -41.709510803222656, -41.709510803222656 ],
			"splitter": 0,
			"rearWing": 12,
			"brakeDuct": [ 3, 3 ]
		},
		"drivetrain":
		{
			"preload": 13
		}
	},
	"trackBopType": 52
}