{
	"carName": "nissan_gt_r_gt3_2018",
	"basicSetup":
	{
		"tyres":
		{
			"tyreCompound": 0,
			"tyrePressure": [ 58, 63, 56, 62 ]
		},
		"alignment":
		{
			"camber": [ 0, 0, 3, 3 ],
			"toe": [ 8, 8, 12, 12 ],
			"staticCamber": [ -3.4160175323486328, -3.4120481014251709, -2.700021505355835, -2.6953234672546387 ],
			"toeOutLinear": [ -0.00023860819055698812, -0.0002385975094512105, 8.5498664702754468e-05, 8.551606151740998e-05 ],
			"casterLF": 3,
			"casterRF": 3,
			"steerRatio": 0
		},
		"electronics":
		{
			"tC1": 2,
			"tC2": 0,
			"abs": 4,
			"eCUMap": 0,
			"fuelMix": 0,
			"telemetryLaps": 0
		},
		"strategy":
		{
			"fuel": 53,
			"nPitStops": 0,
			"tyreSet": 4,
			"frontBrakePadCompound": 0,
			"rearBrakePadCompound": 0,
			"pitStrategy": [
				{
					"fuelToAdd": 0,
					"tyres":
					{
						"tyreCompound": 0,
						"tyrePressure": [ 55, 58, 55, 59 ]
					},
					"tyreSet": 2,
					"frontBrakePadCompound": 1,
					"rearBrakePadCompound": 1
				}
			],
			"fuelPerLap": 3.8137702941894531
		}
	},
	"advancedSetup":
	{
		"mechanicalBalance":
		{
			"aRBFront": 6,
			"aRBRear": 3,
			"wheelRate": [ 2, 2, 3, 3 ],
			"bumpStopRateUp": [ 5, 5, 2, 2 ],
			"bumpStopRateDn": [ 0, 0, 10, 10 ],
			"bumpStopWindow": [ 1, 1, 30, 30 ],
			"brakeTorque": 20,
			"brakeBias": 51
		},
		"dampers":
		{
			"bumpSlow": [ 20, 20, 14, 14 ],
			"bumpFast": [ 22, 22, 18, 18 ],
			"reboundSlow": [ 22, 22, 16, 16 ],
			"reboundFast": [ 30, 30, 30, 30 ]
		},
		"aeroBalance":
		{
			"rideHeight": [ 2, 11, 7, 18 ],
			"rodLength": [ -2.7639389038085938, -2.7639389038085938, 0.4024236798286438, 0.4024236798286438 ],
			"splitter": 0,
			"rearWing": 1,
			"brakeDuct": [ 3, 3 ]
		},
		"drivetrain":
		{
			"preload": 7
		}
	},
	"trackBopType": 29
}