{
	"carName": "honda_nsx_gt3_evo",
	"basicSetup":
	{
		"tyres":
		{
			"tyreCompound": 0,
			"tyrePressure": [ 62, 64, 55, 58 ]
		},
		"alignment":
		{
			"camber": [ 10, 10, 19, 19 ],
			"toe": [ 30, 30, 57, 57 ],
			"staticCamber": [ -2.3643815517425537, -2.3648624420166016, -2.7250425815582275, -2.7228004932403564 ],
			"toeOutLinear": [ 0.00066767545649781823, 0.00066831702133640647, 0.00037750438787043095, 0.00037753768265247345 ],
			"casterLF": 15,
			"casterRF": 15,
			"steerRatio": 1
		},
		"electronics":
		{
			"tC1": 3,
			"tC2": 3,
			"abs": 3,
			"eCUMap": 0,
			"fuelMix": 0,
			"telemetryLaps": 0
		},
		"strategy":
		{
			"fuel": 40,
			"nPitStops": 0,
			"tyreSet": 3,
			"frontBrakePadCompound": 0,
			"rearBrakePadCompound": 0,
			"pitStrategy": [
				{
					"fuelToAdd": 0,
					"tyres":
					{
						"tyreCompound": 0,
						"tyrePressure": [ 57, 69, 51, 64 ]
					},
					"tyreSet": 2,
					"frontBrakePadCompound": 0,
					"rearBrakePadCompound": 0
				}
			],
			"fuelPerLap": 2.2854461669921875
		}
	},
	"advancedSetup":
	{
		"mechanicalBalance":
		{
			"aRBFront": 3,
			"aRBRear": 4,
			"wheelRate": [ 5, 5, 7, 7 ],
			"bumpStopRateUp": [ 6, 6, 2, 2 ],
			"bumpStopRateDn": [ 0, 0, 10, 10 ],
			"bumpStopWindow": [ 0, 0, 40, 40 ],
			"brakeTorque": 20,
			"brakeBias": 35
		},
		"dampers":
		{
			"bumpSlow": [ 13, 13, 12, 12 ],
			"bumpFast": [ 10, 10, 11, 11 ],
			"reboundSlow": [ 14, 14, 19, 19 ],
			"reboundFast": [ 12, 12, 17, 17 ]
		},
		"aeroBalance":
		{
			"rideHeight": [ 4, 6, 21, 18 ],
			"rodLength": [ -21.257530212402344, -21.257530212402344, 10.610105514526367, 10.610105514526367 ],
			"splitter": 0,
			"rearWing": 11,
			"brakeDuct": [ 3, 3 ]
		},
		"drivetrain":
		{
			"preload": 3
		}
	},
	"trackBopType": 20
}