{
	"carName": "ferrari_488_gt3_evo",
	"basicSetup":
	{
		"tyres":
		{
			"tyreCompound": 0,
			"tyrePressure": [ 83, 88, 84, 92 ]
		},
		"alignment":
		{
			"camber": [ 2, 2, 0, 0 ],
			"toe": [ 30, 30, 60, 60 ],
			"staticCamber": [ -2.8419795036315918, -2.8394112586975098, -2.2999119758605957, -2.2933123111724854 ],
			"toeOutLinear": [ 0.00090319686569273472, 0.00090319605078548193, -0.00020993380167055875, -0.00020960709662176669 ],
			"casterLF": 46,
			"casterRF": 46,
			"steerRatio": 0
		},
		"electronics":
		{
			"tC1": 6,
			"tC2": 6,
			"abs": 5,
			"eCUMap": 5,
			"fuelMix": 0,
			"telemetryLaps": 0
		},
		"strategy":
		{
			"fuel": 48,
			"nPitStops": 0,
			"tyreSet": 2,
			"frontBrakePadCompound": 0,
			"rearBrakePadCompound": 0,
			"pitStrategy": [
				{
					"fuelToAdd": 0,
					"tyres":
					{
						"tyreCompound": 0,
						"tyrePressure": [ 41, 58, 45, 56 ]
					},
					"tyreSet": 2,
					"frontBrakePadCompound": 1,
					"rearBrakePadCompound": 1
				}
			],
			"fuelPerLap": 2.2338008880615234
		}
	},
	"advancedSetup":
	{
		"mechanicalBalance":
		{
			"aRBFront": 19,
			"aRBRear": 3,
			"wheelRate": [ 6, 6, 1, 1 ],
			"bumpStopRateUp": [ 7, 7, 2, 2 ],
			"bumpStopRateDn": [ 0, 0, 10, 10 ],
			"bumpStopWindow": [ 2, 2, 50, 50 ],
			"brakeTorque": 20,
			"brakeBias": 55
		},
		"dampers":
		{
			"bumpSlow": [ 6, 6, 5, 5 ],
			"bumpFast": [ 2, 2, 3, 3 ],
			"reboundSlow": [ 5, 5, 4, 4 ],
			"reboundFast": [ 4, 4, 4, 4 ]
		},
		"aeroBalance":
		{
			"rideHeight": [ 0, 6, 2, 18 ],
			"rodLength": [ -32.856170654296875, -32.856170654296875, -23.607677459716797, -23.607677459716797 ],
			"splitter": 0,
			"rearWing": 11,
			"brakeDuct": [ 2, 2 ]
		},
		"drivetrain":
		{
			"preload": 16
		}
	},
	"trackBopType": 37
}