{
	"carName": "ferrari_488_gt3_evo",
	"basicSetup":
	{
		"tyres":
		{
			"tyreCompound": 0,
			"tyrePressure": [ 48, 60, 50, 62 ]
		},
		"alignment":
		{
			"camber": [ 4, 4, 3, 3 ],
			"toe": [ 20, 20, 60, 60 ],
			"staticCamber": [ -2.7335574626922607, -2.7261781692504883, -2.0646178722381592, -2.0557069778442383 ],
			"toeOutLinear": [ 0.001319382106885314, 0.0013193761697039008, -0.000194608248420991, -0.00019534376042429358 ],
			"casterLF": 46,
			"casterRF": 46,
			"steerRatio": 0
		},
		"electronics":
		{
			"tC1": 5,
			"tC2": 6,
			"abs": 5,
			"eCUMap": 4,
			"fuelMix": 0,
			"telemetryLaps": 0
		},
		"strategy":
		{
			"fuel": 31,
			"nPitStops": 0,
			"tyreSet": 0,
			"frontBrakePadCompound": 0,
			"rearBrakePadCompound": 0,
			"pitStrategy": [
				{
					"fuelToAdd": 0,
					"tyres":
					{
						"tyreCompound": 0,
						"tyrePressure": [ 51, 51, 52, 52 ]
					},
					"tyreSet": 2,
					"frontBrakePadCompound": 1,
					"rearBrakePadCompound": 1
				}
			],
			"fuelPerLap": 2.3081607818603516
		}
	},
	"advancedSetup":
	{
		"mechanicalBalance":
		{
			"aRBFront": 24,
			"aRBRear": 8,
			"wheelRate": [ 7, 7, 3, 3 ],
			"bumpStopRateUp": [ 7, 7, 2, 2 ],
			"bumpStopRateDn": [ 0, 0, 10, 10 ],
			"bumpStopWindow": [ 2, 2, 50, 50 ],
			"brakeTorque": 20,
			"brakeBias": 49
		},
		"dampers":
		{
			"bumpSlow": [ 6, 6, 6, 6 ],
			"bumpFast": [ 3, 3, 3, 3 ],
			"reboundSlow": [ 4, 4, 5, 5 ],
			"reboundFast": [ 4, 4, 4, 4 ]
		},
		"aeroBalance":
		{
			"rideHeight": [ 2, 6, 4, 18 ],
			"rodLength": [ -33.065952301025391, -33.065952301025391, -23.191720962524414, -23.191720962524414 ],
			"splitter": 0,
			"rearWing": 10,
			"brakeDuct": [ 3, 3 ]
		},
		"drivetrain":
		{
			"preload": 11
		}
	},
	"trackBopType": 28
}