{
	"carName": "porsche_991ii_gt3_r",
	"basicSetup":
	{
		"tyres":
		{
			"tyreCompound": 0,
			"tyrePressure": [ 58, 68, 50, 61 ]
		},
		"alignment":
		{
			"camber": [ 1, 1, 3, 3 ],
			"toe": [ 37, 37, 57, 57 ],
			"staticCamber": [ -5.0322175025939941, -5.0279722213745117, 0.017876576632261276, 0.026497622951865196 ],
			"toeOutLinear": [ -0.00014847578131593764, -0.0001484448293922469, -0.0060393153689801693, -0.0060389065183699131 ],
			"casterLF": 11,
			"casterRF": 11,
			"steerRatio": 2
		},
		"electronics":
		{
			"tC1": 3,
			"tC2": 2,
			"abs": 3,
			"eCUMap": 7,
			"fuelMix": 0,
			"telemetryLaps": 0
		},
		"strategy":
		{
			"fuel": 43,
			"nPitStops": 0,
			"tyreSet": 2,
			"frontBrakePadCompound": 0,
			"rearBrakePadCompound": 0,
			"pitStrategy": [
				{
					"fuelToAdd": 0,
					"tyres":
					{
						"tyreCompound": 0,
						"tyrePressure": [ 50, 61, 46, 52 ]
					},
					"tyreSet": 2,
					"frontBrakePadCompound": 1,
					"rearBrakePadCompound": 1
				}
			],
			"fuelPerLap": 3.2623672485351563
		}
	},
	"advancedSetup":
	{
		"mechanicalBalance":
		{
			"aRBFront": 3,
			"aRBRear": 3,
			"wheelRate": [ 6, 6, 4, 4 ],
			"bumpStopRateUp": [ 9, 9, 2, 2 ],
			"bumpStopRateDn": [ 0, 0, 10, 10 ],
			"bumpStopWindow": [ 0, 0, 50, 50 ],
			"brakeTorque": 20,
			"brakeBias": 61
		},
		"dampers":
		{
			"bumpSlow": [ 9, 9, 5, 5 ],
			"bumpFast": [ 6, 6, 5, 5 ],
			"reboundSlow": [ 9, 9, 10, 10 ],
			"reboundFast": [ 7, 7, 9, 9 ]
		},
		"aeroBalance":
		{
			"rideHeight": [ 1, 11, 11, 18 ],
			"rodLength": [ 51.248630523681641, 51.248630523681641, -55.004951477050781, -55.004951477050781 ],
			"splitter": 0,
			"rearWing": 5,
			"brakeDuct": [ 4, 4 ]
		},
		"drivetrain":
		{
			"preload": 7
		}
	},
	"trackBopType": 27
}