{
	"carName": "porsche_991ii_gt3_r",
	"basicSetup":
	{
		"tyres":
		{
			"tyreCompound": 0,
			"tyrePressure": [ 57, 65, 53, 60 ]
		},
		"alignment":
		{
			"camber": [ 0, 0, 3, 3 ],
			"toe": [ 37, 37, 55, 55 ],
			"staticCamber": [ -5.0850481986999512, -5.0815310478210449, -0.087177455425262451, -0.081695765256881714 ],
			"toeOutLinear": [ -0.00022363022435456514, -0.00022366138000506908, -0.0059497794136404991, -0.0059496257454156876 ],
			"casterLF": 11,
			"casterRF": 11,
			"steerRatio": 0
		},
		"electronics":
		{
			"tC1": 3,
			"tC2": 2,
			"abs": 4,
			"eCUMap": 7,
			"fuelMix": 0,
			"telemetryLaps": 0
		},
		"strategy":
		{
			"fuel": 35,
			"nPitStops": 0,
			"tyreSet": 3,
			"frontBrakePadCompound": 1,
			"rearBrakePadCompound": 1,
			"pitStrategy": [
				{
					"fuelToAdd": 0,
					"tyres":
					{
						"tyreCompound": 0,
						"tyrePressure": [ 50, 61, 46, 52 ]
					},
					"tyreSet": 2,
					"frontBrakePadCompound": 1,
					"rearBrakePadCompound": 1
				}
			],
			"fuelPerLap": 3.3361940383911133
		}
	},
	"advancedSetup":
	{
		"mechanicalBalance":
		{
			"aRBFront": 3,
			"aRBRear": 3,
			"wheelRate": [ 6, 6, 4, 4 ],
			"bumpStopRateUp": [ 9, 9, 2, 2 ],
			"bumpStopRateDn": [ 0, 0, 10, 10 ],
			"bumpStopWindow": [ 2, 2, 50, 50 ],
			"brakeTorque": 20,
			"brakeBias": 58
		},
		"dampers":
		{
			"bumpSlow": [ 9, 9, 6, 6 ],
			"bumpFast": [ 6, 6, 5, 5 ],
			"reboundSlow": [ 9, 9, 7, 7 ],
			"reboundFast": [ 7, 7, 9, 9 ]
		},
		"aeroBalance":
		{
			"rideHeight": [ 1, 11, 13, 18 ],
			"rodLength": [ 50.747451782226563, 50.747451782226563, -53.218235015869141, -53.218235015869141 ],
			"splitter": 2,
			"rearWing": 10,
			"brakeDuct": [ 3, 3 ]
		},
		"drivetrain":
		{
			"preload": 6
		}
	},
	"trackBopType": 27
}