{
	"carName": "mercedes_amg_gt3_evo",
	"basicSetup":
	{
		"tyres":
		{
			"tyreCompound": 0,
			"tyrePressure": [ 60, 56, 64, 63 ]
		},
		"alignment":
		{
			"camber": [ 23, 23, 8, 8 ],
			"toe": [ 30, 30, 47, 47 ],
			"staticCamber": [ -3.4361119270324707, -3.4390769004821777, -3.8895931243896484, -3.8879332542419434 ],
			"toeOutLinear": [ -1.0438463505124673e-05, -1.106948093365645e-05, 0.00015028273628558964, 0.00014977938553784043 ],
			"casterLF": 33,
			"casterRF": 33,
			"steerRatio": 0
		},
		"electronics":
		{
			"tC1": 3,
			"tC2": 0,
			"abs": 2,
			"eCUMap": 0,
			"fuelMix": 0,
			"telemetryLaps": 0
		},
		"strategy":
		{
			"fuel": 48,
			"nPitStops": 0,
			"tyreSet": 4,
			"frontBrakePadCompound": 0,
			"rearBrakePadCompound": 0,
			"pitStrategy": [
				{
					"fuelToAdd": 0,
					"tyres":
					{
						"tyreCompound": 0,
						"tyrePressure": [ 58, 55, 59, 59 ]
					},
					"tyreSet": 2,
					"frontBrakePadCompound": 1,
					"rearBrakePadCompound": 1
				}
			],
			"fuelPerLap": 3.0357341766357422
		}
	},
	"advancedSetup":
	{
		"mechanicalBalance":
		{
			"aRBFront": 6,
			"aRBRear": 4,
			"wheelRate": [ 1, 1, 3, 3 ],
			"bumpStopRateUp": [ 5, 5, 3, 3 ],
			"bumpStopRateDn": [ 0, 0, 10, 10 ],
			"bumpStopWindow": [ 5, 5, 50, 50 ],
			"brakeTorque": 20,
			"brakeBias": 51
		},
		"dampers":
		{
			"bumpSlow": [ 7, 7, 4, 4 ],
			"bumpFast": [ 4, 4, 3, 3 ],
			"reboundSlow": [ 5, 5, 7, 7 ],
			"reboundFast": [ 4, 4, 6, 6 ]
		},
		"aeroBalance":
		{
			"rideHeight": [ 6, 6, 9, 18 ],
			"rodLength": [ 13.413723945617676, 13.413723945617676, 71.040390014648438, 71.040390014648438 ],
			"splitter": 3,
			"rearWing": 6,
			"brakeDuct": [ 3, 3 ]
		},
		"drivetrain":
		{
			"preload": 6
		}
	},
	"trackBopType": 16
}