{
	"carName": "mercedes_amg_gt3_evo",
	"basicSetup":
	{
		"tyres":
		{
			"tyreCompound": 0,
			"tyrePressure": [ 77, 85, 82, 90 ]
		},
		"alignment":
		{
			"camber": [ 5, 5, 6, 6 ],
			"toe": [ 30, 30, 55, 55 ],
			"staticCamber": [ -3.2210309505462646, -3.2173256874084473, -3.5541884899139404, -3.5479066371917725 ],
			"toeOutLinear": [ -2.3052787582855672e-05, -2.3041391614242457e-05, 0.00025863994960673153, 0.00025826666387729347 ],
			"casterLF": 34,
			"casterRF": 34,
			"steerRatio": 0
		},
		"electronics":
		{
			"tC1": 2,
			"tC2": 0,
			"abs": 3,
			"eCUMap": 0,
			"fuelMix": 0,
			"telemetryLaps": 0
		},
		"strategy":
		{
			"fuel": 58,
			"nPitStops": 0,
			"tyreSet": 2,
			"frontBrakePadCompound": 0,
			"rearBrakePadCompound": 0,
			"pitStrategy": [
				{
					"fuelToAdd": 0,
					"tyres":
					{
						"tyreCompound": 0,
						"tyrePressure": [ 52, 59, 58, 63 ]
					},
					"tyreSet": 2,
					"frontBrakePadCompound": 1,
					"rearBrakePadCompound": 1
				}
			],
			"fuelPerLap": 2.6146736145019531
		}
	},
	"advancedSetup":
	{
		"mechanicalBalance":
		{
			"aRBFront": 2,
			"aRBRear": 5,
			"wheelRate": [ 3, 3, 3, 3 ],
			"bumpStopRateUp": [ 4, 4, 3, 3 ],
			"bumpStopRateDn": [ 0, 0, 10, 10 ],
			"bumpStopWindow": [ 25, 25, 50, 50 ],
			"brakeTorque": 20,
			"brakeBias": 53
		},
		"dampers":
		{
			"bumpSlow": [ 3, 3, 5, 5 ],
			"bumpFast": [ 4, 4, 3, 3 ],
			"reboundSlow": [ 5, 5, 8, 8 ],
			"reboundFast": [ 6, 6, 6, 6 ]
		},
		"aeroBalance":
		{
			"rideHeight": [ 6, 6, 6, 18 ],
			"rodLength": [ 10.34333610534668, 10.34333610534668, 68.471786499023438, 68.471786499023438 ],
			"splitter": 6,
			"rearWing": 6,
			"brakeDuct": [ 3, 2 ]
		},
		"drivetrain":
		{
			"preload": 4
		}
	},
	"trackBopType": 37
}