{
	"carName": "mercedes_amg_gt3_evo",
	"basicSetup":
	{
		"tyres":
		{
			"tyreCompound": 0,
			"tyrePressure": [ 46, 64, 51, 60 ]
		},
		"alignment":
		{
			"camber": [ 2, 2, 1, 1 ],
			"toe": [ 28, 28, 45, 45 ],
			"staticCamber": [ -3.4974536895751953, -3.4864623546600342, -4.0827121734619141, -4.0758185386657715 ],
			"toeOutLinear": [ 2.9227260256448062e-06, 2.8882445803901646e-06, 9.5704614068381488e-05, 9.6365030913148075e-05 ],
			"casterLF": 28,
			"casterRF": 28,
			"steerRatio": 0
		},
		"electronics":
		{
			"tC1": 3,
			"tC2": 0,
			"abs": 3,
			"eCUMap": 0,
			"fuelMix": 0,
			"telemetryLaps": 5
		},
		"strategy":
		{
			"fuel": 28,
			"nPitStops": 0,
			"tyreSet": 4,
			"frontBrakePadCompound": 0,
			"rearBrakePadCompound": 0,
			"pitStrategy": [
				{
					"fuelToAdd": 0,
					"tyres":
					{
						"tyreCompound": 0,
						"tyrePressure": [ 58, 55, 59, 59 ]
					},
					"tyreSet": 2,
					"frontBrakePadCompound": 1,
					"rearBrakePadCompound": 1
				}
			],
			"fuelPerLap": 2.5308029651641846
		}
	},
	"advancedSetup":
	{
		"mechanicalBalance":
		{
			"aRBFront": 3,
			"aRBRear": 5,
			"wheelRate": [ 1, 1, 3, 3 ],
			"bumpStopRateUp": [ 5, 5, 3, 3 ],
			"bumpStopRateDn": [ 0, 0, 10, 10 ],
			"bumpStopWindow": [ 22, 22, 55, 55 ],
			"brakeTorque": 20,
			"brakeBias": 31
		},
		"dampers":
		{
			"bumpSlow": [ 6, 6, 5, 5 ],
			"bumpFast": [ 4, 4, 6, 6 ],
			"reboundSlow": [ 5, 5, 7, 7 ],
			"reboundFast": [ 7, 7, 7, 7 ]
		},
		"aeroBalance":
		{
			"rideHeight": [ 5, 6, 7, 18 ],
			"rodLength": [ 12.526271820068359, 12.526271820068359, 68.50830078125, 68.50830078125 ],
			"splitter": 3,
			"rearWing": 6,
			"brakeDuct": [ 5, 4 ]
		},
		"drivetrain":
		{
			"preload": 9
		}
	},
	"trackBopType": 28
}