{
	"carName": "chevrolet_camaro_gt4r",
	"basicSetup":
	{
		"tyres":
		{
			"tyreCompound": 0,
			"tyrePressure": [ 42, 51, 39, 47 ]
		},
		"alignment":
		{
			"camber": [ 3, 3, 2, 2 ],
			"toe": [ 10, 10, 17, 17 ],
			"staticCamber": [ -5.9521851539611816, -5.945465087890625, -4.6152997016906738, -4.6096725463867188 ],
			"toeOutLinear": [ -9.9568875157274306e-05, -9.950360981747508e-05, 0.0010916410246863961, 0.0010917506879195571 ],
			"casterLF": 0,
			"casterRF": 0,
			"steerRatio": 3
		},
		"electronics":
		{
			"tC1": 1,
			"tC2": 0,
			"abs": 1,
			"eCUMap": 0,
			"fuelMix": 0,
			"telemetryLaps": 0
		},
		"strategy":
		{
			"fuel": 41,
			"nPitStops": 0,
			"tyreSet": 2,
			"frontBrakePadCompound": 1,
			"rearBrakePadCompound": 1,
			"pitStrategy": [
				{
					"fuelToAdd": 0,
					"tyres":
					{
						"tyreCompound": 0,
						"tyrePressure": [ 32, 48, 34, 44 ]
					},
					"tyreSet": 2,
					"frontBrakePadCompound": 1,
					"rearBrakePadCompound": 1
				}
			],
			"fuelPerLap": 2.3874893188476563
		}
	},
	"advancedSetup":
	{
		"mechanicalBalance":
		{
			"aRBFront": 1,
			"aRBRear": 2,
			"wheelRate": [ 0, 0, 0, 0 ],
			"bumpStopRateUp": [ 1, 1, 0, 0 ],
			"bumpStopRateDn": [ 0, 0, 10, 10 ],
			"bumpStopWindow": [ 0, 0, 0, 0 ],
			"brakeTorque": 20,
			"brakeBias": 19
		},
		"dampers":
		{
			"bumpSlow": [ 10, 10, 10, 10 ],
			"bumpFast": [ 0, 0, 0, 0 ],
			"reboundSlow": [ 12, 12, 15, 15 ],
			"reboundFast": [ 0, 0, 0, 0 ]
		},
		"aeroBalance":
		{
			"rideHeight": [ 0, 0, 7, 0 ],
			"rodLength": [ 97.323265075683594, 97.323265075683594, 60.686145782470703, 60.686145782470703 ],
			"splitter": 0,
			"rearWing": 2,
			"brakeDuct": [ 4, 3 ]
		},
		"drivetrain":
		{
			"preload": 2
		}
	},
	"trackBopType": 9
}