{
	"carName": "porsche_991ii_gt3_r",
	"basicSetup":
	{
		"tyres":
		{
			"tyreCompound": 0,
			"tyrePressure": [ 44, 54, 44, 50 ]
		},
		"alignment":
		{
			"camber": [ 27, 27, 14, 14 ],
			"toe": [ 30, 30, 50, 50 ],
			"staticCamber": [ -5.0298871994018555, -4.9895286560058594, -0.98540830612182617, -0.97953450679779053 ],
			"toeOutLinear": [ 1.9646945474960376e-06, 1.8995428945345338e-06, -0.0046126223169267178, -0.0046151410788297653 ],
			"casterLF": 11,
			"casterRF": 11,
			"steerRatio": 4
		},
		"electronics":
		{
			"tC1": 3,
			"tC2": 3,
			"abs": 3,
			"eCUMap": 7,
			"fuelMix": 0,
			"telemetryLaps": 0
		},
		"strategy":
		{
			"fuel": 11,
			"nPitStops": 0,
			"tyreSet": 5,
			"frontBrakePadCompound": 0,
			"rearBrakePadCompound": 0,
			"pitStrategy": [
				{
					"fuelToAdd": 0,
					"tyres":
					{
						"tyreCompound": 0,
						"tyrePressure": [ 49, 53, 47, 51 ]
					},
					"tyreSet": 2,
					"frontBrakePadCompound": 1,
					"rearBrakePadCompound": 1
				}
			],
			"fuelPerLap": 2.6260318756103516
		}
	},
	"advancedSetup":
	{
		"mechanicalBalance":
		{
			"aRBFront": 4,
			"aRBRear": 4,
			"wheelRate": [ 6, 6, 4, 4 ],
			"bumpStopRateUp": [ 8, 8, 2, 2 ],
			"bumpStopRateDn": [ 0, 0, 10, 10 ],
			"bumpStopWindow": [ 0, 0, 20, 20 ],
			"brakeTorque": 20,
			"brakeBias": 63
		},
		"dampers":
		{
			"bumpSlow": [ 10, 10, 7, 7 ],
			"bumpFast": [ 6, 6, 6, 6 ],
			"reboundSlow": [ 14, 14, 14, 14 ],
			"reboundFast": [ 13, 13, 10, 10 ]
		},
		"aeroBalance":
		{
			"rideHeight": [ 3, 11, 22, 18 ],
			"rodLength": [ 56.104343414306641, 56.104343414306641, -38.286842346191406, -38.286842346191406 ],
			"splitter": 1,
			"rearWing": 8,
			"brakeDuct": [ 3, 2 ]
		},
		"drivetrain":
		{
			"preload": 8
		}
	}
}