{
	"carName": "ferrari_488_gt3_evo",
	"basicSetup":
	{
		"tyres":
		{
			"tyreCompound": 0,
			"tyrePressure": [ 61, 55, 62, 59 ]
		},
		"alignment":
		{
			"camber": [ 14, 14, 18, 18 ],
			"toe": [ 20, 20, 60, 60 ],
			"staticCamber": [ -2.7258846759796143, -2.7286288738250732, -2.0554394721984863, -2.0580410957336426 ],
			"toeOutLinear": [ 0.0013201436959207058, 0.0013199482345953584, -0.00019574578618630767, -0.00019531913858372718 ],
			"casterLF": 46,
			"casterRF": 46,
			"steerRatio": 0
		},
		"electronics":
		{
			"tC1": 6,
			"tC2": 6,
			"abs": 5,
			"eCUMap": 4,
			"fuelMix": 0,
			"telemetryLaps": 0
		},
		"strategy":
		{
			"fuel": 28,
			"nPitStops": 0,
			"tyreSet": 4,
			"frontBrakePadCompound": 1,
			"rearBrakePadCompound": 1,
			"pitStrategy": [
				{
					"fuelToAdd": 0,
					"tyres":
					{
						"tyreCompound": 0,
						"tyrePressure": [ 51, 51, 52, 52 ]
					},
					"tyreSet": 2,
					"frontBrakePadCompound": 1,
					"rearBrakePadCompound": 1
				}
			],
			"fuelPerLap": 1.9450510740280151
		}
	},
	"advancedSetup":
	{
		"mechanicalBalance":
		{
			"aRBFront": 24,
			"aRBRear": 8,
			"wheelRate": [ 7, 7, 3, 3 ],
			"bumpStopRateUp": [ 7, 7, 2, 2 ],
			"bumpStopRateDn": [ 0, 0, 10, 10 ],
			"bumpStopWindow": [ 2, 2, 50, 50 ],
			"brakeTorque": 20,
			"brakeBias": 49
		},
		"dampers":
		{
			"bumpSlow": [ 6, 6, 6, 6 ],
			"bumpFast": [ 3, 3, 3, 3 ],
			"reboundSlow": [ 4, 4, 5, 5 ],
			"reboundFast": [ 4, 4, 4, 4 ]
		},
		"aeroBalance":
		{
			"rideHeight": [ 2, 6, 4, 18 ],
			"rodLength": [ -33.242317199707031, -33.242317199707031, -23.497562408447266, -23.497562408447266 ],
			"splitter": 0,
			"rearWing": 10,
			"brakeDuct": [ 3, 3 ]
		},
		"drivetrain":
		{
			"preload": 11
		}
	},
	"trackBopType": 15
}