{
	"carName": "alpine_a110_gt4",
	"basicSetup":
	{
		"tyres":
		{
			"tyreCompound": 0,
			"tyrePressure": [ 49, 57, 40, 48 ]
		},
		"alignment":
		{
			"camber": [ 8, 8, 14, 14 ],
			"toe": [ 30, 30, 60, 60 ],
			"staticCamber": [ -3.6082015037536621, -3.6012487411499023, 0.016938485205173492, 0.023480422794818878 ],
			"toeOutLinear": [ -0.00026213107048533857, -0.00026208904455415905, 0.0020284231286495924, 0.0020284275524318218 ],
			"casterLF": 8,
			"casterRF": 8,
			"steerRatio": 2
		},
		"electronics":
		{
			"tC1": 1,
			"tC2": 0,
			"abs": 2,
			"eCUMap": 0,
			"fuelMix": 0,
			"telemetryLaps": 0
		},
		"strategy":
		{
			"fuel": 38,
			"nPitStops": 0,
			"tyreSet": 1,
			"frontBrakePadCompound": 0,
			"rearBrakePadCompound": 0,
			"pitStrategy": [
				{
					"fuelToAdd": 0,
					"tyres":
					{
						"tyreCompound": 0,
						"tyrePressure": [ 46, 56, 44, 53 ]
					},
					"tyreSet": 2,
					"frontBrakePadCompound": 1,
					"rearBrakePadCompound": 1
				}
			],
			"fuelPerLap": 2.3192672729492188
		}
	},
	"advancedSetup":
	{
		"mechanicalBalance":
		{
			"aRBFront": 2,
			"aRBRear": 0,
			"wheelRate": [ 2, 2, 1, 1 ],
			"bumpStopRateUp": [ 3, 3, 2, 2 ],
			"bumpStopRateDn": [ 0, 0, 10, 10 ],
			"bumpStopWindow": [ 0, 0, 0, 0 ],
			"brakeTorque": 20,
			"brakeBias": 80
		},
		"dampers":
		{
			"bumpSlow": [ 12, 12, 13, 13 ],
			"bumpFast": [ 0, 0, 0, 0 ],
			"reboundSlow": [ 12, 12, 10, 10 ],
			"reboundFast": [ 0, 0, 0, 0 ]
		},
		"aeroBalance":
		{
			"rideHeight": [ 0, 6, 3, 18 ],
			"rodLength": [ -5.4089474678039551, -5.4089474678039551, -87.355026245117188, -87.355026245117188 ],
			"splitter": 0,
			"rearWing": 2,
			"brakeDuct": [ 4, 4 ]
		},
		"drivetrain":
		{
			"preload": 2
		}
	},
	"trackBopType": 8
}