{
	"carName": "ferrari_488_gt3",
	"basicSetup":
	{
		"tyres":
		{
			"tyreCompound": 0,
			"tyrePressure": [ 55, 64, 56, 62 ]
		},
		"alignment":
		{
			"camber": [ 2, 2, 1, 1 ],
			"toe": [ 33, 33, 50, 50 ],
			"staticCamber": [ -2.5956833362579346, -2.5914499759674072, -2.3060617446899414, -2.3011341094970703 ],
			"toeOutLinear": [ -0.00023108359891921282, -0.00023136060917750001, -0.00040357399848289788, -0.00040354640805162489 ],
			"casterLF": 46,
			"casterRF": 46,
			"steerRatio": 0
		},
		"electronics":
		{
			"tC1": 3,
			"tC2": 3,
			"abs": 3,
			"eCUMap": 0,
			"fuelMix": 0,
			"telemetryLaps": 0
		},
		"strategy":
		{
			"fuel": 58,
			"nPitStops": 0,
			"tyreSet": 4,
			"frontBrakePadCompound": 0,
			"rearBrakePadCompound": 0,
			"pitStrategy": [
				{
					"fuelToAdd": 0,
					"tyres":
					{
						"tyreCompound": 0,
						"tyrePressure": [ 50, 55, 50, 53 ]
					},
					"tyreSet": 2,
					"frontBrakePadCompound": 1,
					"rearBrakePadCompound": 1
				}
			],
			"fuelPerLap": 2.7605361938476563
		}
	},
	"advancedSetup":
	{
		"mechanicalBalance":
		{
			"aRBFront": 22,
			"aRBRear": 8,
			"wheelRate": [ 6, 6, 4, 4 ],
			"bumpStopRateUp": [ 6, 6, 2, 2 ],
			"bumpStopRateDn": [ 0, 0, 10, 10 ],
			"bumpStopWindow": [ 1, 1, 50, 50 ],
			"brakeTorque": 20,
			"brakeBias": 45
		},
		"dampers":
		{
			"bumpSlow": [ 7, 7, 4, 4 ],
			"bumpFast": [ 2, 2, 3, 3 ],
			"reboundSlow": [ 7, 7, 5, 5 ],
			"reboundFast": [ 4, 4, 4, 4 ]
		},
		"aeroBalance":
		{
			"rideHeight": [ 3, 6, 6, 18 ],
			"rodLength": [ -30.875566482543945, -30.875566482543945, -21.960369110107422, -21.960369110107422 ],
			"splitter": 0,
			"rearWing": 10,
			"brakeDuct": [ 3, 3 ]
		},
		"drivetrain":
		{
			"preload": 5
		}
	},
	"trackBopType": 52
}