{
	"carName": "audi_r8_lms_evo",
	"basicSetup":
	{
		"tyres":
		{
			"tyreCompound": 0,
			"tyrePressure": [ 53, 60, 57, 57 ]
		},
		"alignment":
		{
			"camber": [ 11, 11, 14, 14 ],
			"toe": [ 30, 30, 65, 65 ],
			"staticCamber": [ -4.0447235107421875, -4.0560522079467773, -3.3844256401062012, -3.3854801654815674 ],
			"toeOutLinear": [ 0.00036742401425726712, 0.00036736493348143995, 0.00085224100621417165, 0.00085228594252839684 ],
			"casterLF": 8,
			"casterRF": 8,
			"steerRatio": 4
		},
		"electronics":
		{
			"tC1": 1,
			"tC2": 0,
			"abs": 4,
			"eCUMap": 0,
			"fuelMix": 0,
			"telemetryLaps": 0
		},
		"strategy":
		{
			"fuel": 10,
			"nPitStops": 0,
			"tyreSet": 6,
			"frontBrakePadCompound": 0,
			"rearBrakePadCompound": 0,
			"pitStrategy": [
				{
					"fuelToAdd": 0,
					"tyres":
					{
						"tyreCompound": 0,
						"tyrePressure": [ 50, 53, 47, 49 ]
					},
					"tyreSet": 2,
					"frontBrakePadCompound": 1,
					"rearBrakePadCompound": 1
				}
			],
			"fuelPerLap": 2.7160637378692627
		}
	},
	"advancedSetup":
	{
		"mechanicalBalance":
		{
			"aRBFront": 3,
			"aRBRear": 2,
			"wheelRate": [ 1, 1, 2, 2 ],
			"bumpStopRateUp": [ 5, 5, 4, 4 ],
			"bumpStopRateDn": [ 0, 0, 10, 10 ],
			"bumpStopWindow": [ 2, 2, 60, 60 ],
			"brakeTorque": 20,
			"brakeBias": 70
		},
		"dampers":
		{
			"bumpSlow": [ 14, 14, 14, 14 ],
			"bumpFast": [ 20, 20, 10, 10 ],
			"reboundSlow": [ 23, 23, 14, 14 ],
			"reboundFast": [ 30, 30, 15, 15 ]
		},
		"aeroBalance":
		{
			"rideHeight": [ 1, 6, 9, 18 ],
			"rodLength": [ 32.771396636962891, 32.771396636962891, 14.341628074645996, 14.341628074645996 ],
			"splitter": 0,
			"rearWing": 5,
			"brakeDuct": [ 4, 3 ]
		},
		"drivetrain":
		{
			"preload": 6
		}
	}
}