{
	"carName": "lamborghini_huracan_gt3_evo",
	"basicSetup":
	{
		"tyres":
		{
			"tyreCompound": 0,
			"tyrePressure": [ 59, 62, 54, 55 ]
		},
		"alignment":
		{
			"camber": [ 13, 13, 14, 14 ],
			"toe": [ 33, 33, 45, 45 ],
			"staticCamber": [ -3.5397636890411377, -3.5714633464813232, -2.6462433338165283, -2.6780459880828857 ],
			"toeOutLinear": [ 0.00084077124483883381, 0.00083917041774839163, 0.00012358017556834966, 0.00012357016385067254 ],
			"casterLF": 14,
			"casterRF": 14,
			"steerRatio": 0
		},
		"electronics":
		{
			"tC1": 1,
			"tC2": 0,
			"abs": 3,
			"eCUMap": 0,
			"fuelMix": 0,
			"telemetryLaps": 0
		},
		"strategy":
		{
			"fuel": 0,
			"nPitStops": 0,
			"tyreSet": 13,
			"frontBrakePadCompound": 1,
			"rearBrakePadCompound": 1,
			"pitStrategy": [
				{
					"fuelToAdd": 0,
					"tyres":
					{
						"tyreCompound": 0,
						"tyrePressure": [ 50, 61, 44, 56 ]
					},
					"tyreSet": 2,
					"frontBrakePadCompound": 1,
					"rearBrakePadCompound": 1
				}
			],
			"fuelPerLap": 4.2399997711181641
		}
	},
	"advancedSetup":
	{
		"mechanicalBalance":
		{
			"aRBFront": 3,
			"aRBRear": 8,
			"wheelRate": [ 3, 3, 4, 4 ],
			"bumpStopRateUp": [ 8, 8, 5, 5 ],
			"bumpStopRateDn": [ 0, 0, 10, 10 ],
			"bumpStopWindow": [ 4, 4, 25, 25 ],
			"brakeTorque": 20,
			"brakeBias": 41
		},
		"dampers":
		{
			"bumpSlow": [ 24, 24, 29, 29 ],
			"bumpFast": [ 12, 12, 10, 10 ],
			"reboundSlow": [ 27, 27, 27, 27 ],
			"reboundFast": [ 30, 30, 25, 25 ]
		},
		"aeroBalance":
		{
			"rideHeight": [ 0, 6, 5, 18 ],
			"rodLength": [ -13.193717002868652, -13.193717002868652, -1.2618743181228638, -1.2618743181228638 ],
			"splitter": 0,
			"rearWing": 3,
			"brakeDuct": [ 3, 2 ]
		},
		"drivetrain":
		{
			"preload": 10
		}
	}
}