{
	"carName": "ferrari_488_challenge_evo",
	"basicSetup":
	{
		"tyres":
		{
			"tyreCompound": 0,
			"tyrePressure": [ 43, 55, 32, 39 ]
		},
		"alignment":
		{
			"camber": [ 6, 6, 10, 10 ],
			"toe": [ 34, 34, 50, 50 ],
			"staticCamber": [ -3.3464007377624512, -3.3328115940093994, -1.589277982711792, -1.5808590650558472 ],
			"toeOutLinear": [ 4.0881335735321045e-05, 4.0893144614528865e-05, 0.00010079427738673985, 0.00010079135245177895 ],
			"casterLF": 46,
			"casterRF": 46,
			"steerRatio": 0
		},
		"electronics":
		{
			"tC1": 2,
			"tC2": 2,
			"abs": 2,
			"eCUMap": 0,
			"fuelMix": 0,
			"telemetryLaps": 0
		},
		"strategy":
		{
			"fuel": 78,
			"nPitStops": 0,
			"tyreSet": 3,
			"frontBrakePadCompound": 1,
			"rearBrakePadCompound": 1,
			"pitStrategy": [
				{
					"fuelToAdd": 0,
					"tyres":
					{
						"tyreCompound": 0,
						"tyrePressure": [ 43, 55, 32, 39 ]
					},
					"tyreSet": 2,
					"frontBrakePadCompound": 1,
					"rearBrakePadCompound": 1
				}
			],
			"fuelPerLap": 2.3719711303710938
		}
	},
	"advancedSetup":
	{
		"mechanicalBalance":
		{
			"aRBFront": 0,
			"aRBRear": 0,
			"wheelRate": [ 0, 0, 1, 1 ],
			"bumpStopRateUp": [ 0, 0, 0, 0 ],
			"bumpStopRateDn": [ 0, 0, 10, 10 ],
			"bumpStopWindow": [ 0, 0, 0, 0 ],
			"brakeTorque": 20,
			"brakeBias": 0
		},
		"dampers":
		{
			"bumpSlow": [ 6, 6, 5, 5 ],
			"bumpFast": [ 0, 0, 0, 0 ],
			"reboundSlow": [ 5, 5, 5, 5 ],
			"reboundFast": [ 0, 0, 0, 0 ]
		},
		"aeroBalance":
		{
			"rideHeight": [ 0, 6, 1, 0 ],
			"rodLength": [ -4.0848736763000488, -4.0848736763000488, -9.121891975402832, -9.121891975402832 ],
			"splitter": 1,
			"rearWing": 4,
			"brakeDuct": [ 6, 6 ]
		},
		"drivetrain":
		{
			"preload": 0
		}
	},
	"trackBopType": 37
}