{
	"carName": "ferrari_488_challenge_evo",
	"basicSetup":
	{
		"tyres":
		{
			"tyreCompound": 0,
			"tyrePressure": [ 45, 55, 30, 40 ]
		},
		"alignment":
		{
			"camber": [ 7, 7, 10, 10 ],
			"toe": [ 30, 30, 60, 60 ],
			"staticCamber": [ -3.2498905658721924, -3.2407021522521973, -1.5780975818634033, -1.5700715780258179 ],
			"toeOutLinear": [ 0.00017896492499858141, 0.00017898024816531688, 0.00033379756496287882, 0.00033371266908943653 ],
			"casterLF": 46,
			"casterRF": 46,
			"steerRatio": 0
		},
		"electronics":
		{
			"tC1": 2,
			"tC2": 2,
			"abs": 1,
			"eCUMap": 0,
			"fuelMix": 0,
			"telemetryLaps": 0
		},
		"strategy":
		{
			"fuel": 83,
			"nPitStops": 0,
			"tyreSet": 1,
			"frontBrakePadCompound": 1,
			"rearBrakePadCompound": 1,
			"pitStrategy": [
				{
					"fuelToAdd": 30,
					"tyres":
					{
						"tyreCompound": 0,
						"tyrePressure": [ 45, 55, 30, 40 ]
					},
					"tyreSet": 2,
					"frontBrakePadCompound": 1,
					"rearBrakePadCompound": 1
				}
			],
			"fuelPerLap": 2.3986713886260986
		}
	},
	"advancedSetup":
	{
		"mechanicalBalance":
		{
			"aRBFront": 0,
			"aRBRear": 0,
			"wheelRate": [ 0, 0, 1, 1 ],
			"bumpStopRateUp": [ 0, 0, 0, 0 ],
			"bumpStopRateDn": [ 0, 0, 10, 10 ],
			"bumpStopWindow": [ 0, 0, 0, 0 ],
			"brakeTorque": 20,
			"brakeBias": 0
		},
		"dampers":
		{
			"bumpSlow": [ 6, 6, 5, 5 ],
			"bumpFast": [ 0, 0, 0, 0 ],
			"reboundSlow": [ 5, 5, 5, 5 ],
			"reboundFast": [ 0, 0, 0, 0 ]
		},
		"aeroBalance":
		{
			"rideHeight": [ 0, 6, 0, 0 ],
			"rodLength": [ -4.2176322937011719, -4.2176322937011719, -10.206515312194824, -10.206515312194824 ],
			"splitter": 0,
			"rearWing": 5,
			"brakeDuct": [ 6, 6 ]
		},
		"drivetrain":
		{
			"preload": 0
		}
	},
	"trackBopType": 37
}