{
	"carName": "mercedes_amg_gt4",
	"basicSetup":
	{
		"tyres":
		{
			"tyreCompound": 0,
			"tyrePressure": [ 43, 54, 43, 48 ]
		},
		"alignment":
		{
			"camber": [ 4, 4, 5, 5 ],
			"toe": [ 10, 10, 10, 10 ],
			"staticCamber": [ -4.680544376373291, -4.6686720848083496, -3.2514219284057617, -3.2480247020721436 ],
			"toeOutLinear": [ -0.00046703801490366459, -0.00046706566354259849, 0.00012937396240886301, 0.0001296994014410302 ],
			"casterLF": 13,
			"casterRF": 13,
			"steerRatio": 0
		},
		"electronics":
		{
			"tC1": 1,
			"tC2": 0,
			"abs": 2,
			"eCUMap": 0,
			"fuelMix": 0,
			"telemetryLaps": 18
		},
		"strategy":
		{
			"fuel": 31,
			"nPitStops": 0,
			"tyreSet": 3,
			"frontBrakePadCompound": 1,
			"rearBrakePadCompound": 1,
			"pitStrategy": [
				{
					"fuelToAdd": 0,
					"tyres":
					{
						"tyreCompound": 0,
						"tyrePressure": [ 35, 51, 37, 43 ]
					},
					"tyreSet": 2,
					"frontBrakePadCompound": 1,
					"rearBrakePadCompound": 1
				}
			],
			"fuelPerLap": 2.5337569713592529
		}
	},
	"advancedSetup":
	{
		"mechanicalBalance":
		{
			"aRBFront": 0,
			"aRBRear": 1,
			"wheelRate": [ 0, 0, 0, 0 ],
			"bumpStopRateUp": [ 0, 0, 0, 0 ],
			"bumpStopRateDn": [ 0, 0, 10, 10 ],
			"bumpStopWindow": [ 0, 0, 0, 0 ],
			"brakeTorque": 20,
			"brakeBias": 0
		},
		"dampers":
		{
			"bumpSlow": [ 10, 10, 12, 12 ],
			"bumpFast": [ 0, 0, 0, 0 ],
			"reboundSlow": [ 10, 10, 18, 18 ],
			"reboundFast": [ 0, 0, 0, 0 ]
		},
		"aeroBalance":
		{
			"rideHeight": [ 0, 11, 5, 18 ],
			"rodLength": [ 60.755435943603516, 60.755435943603516, 47.707180023193359, 47.707180023193359 ],
			"splitter": 0,
			"rearWing": 2,
			"brakeDuct": [ 5, 4 ]
		},
		"drivetrain":
		{
			"preload": 2
		}
	},
	"trackBopType": 8
}