{
	"carName": "jaguar_g3",
	"basicSetup":
	{
		"tyres":
		{
			"tyreCompound": 0,
			"tyrePressure": [ 49, 58, 61, 66 ]
		},
		"alignment":
		{
			"camber": [ 5, 5, 7, 7 ],
			"toe": [ 36, 36, 52, 52 ],
			"staticCamber": [ -2.1866037845611572, -2.1798229217529297, -0.73550206422805786, -0.73144251108169556 ],
			"toeOutLinear": [ 0.00022759631974622607, 0.00022759445710107684, 0.00046228262363001704, 0.00046184091479517519 ],
			"casterLF": 17,
			"casterRF": 17,
			"steerRatio": 0
		},
		"electronics":
		{
			"tC1": 4,
			"tC2": 0,
			"abs": 3,
			"eCUMap": 0,
			"fuelMix": 0,
			"telemetryLaps": 0
		},
		"strategy":
		{
			"fuel": 63,
			"nPitStops": 0,
			"tyreSet": 4,
			"frontBrakePadCompound": 0,
			"rearBrakePadCompound": 0,
			"pitStrategy": [
				{
					"fuelToAdd": 0,
					"tyres":
					{
						"tyreCompound": 0,
						"tyrePressure": [ 50, 58, 50, 55 ]
					},
					"tyreSet": 2,
					"frontBrakePadCompound": 1,
					"rearBrakePadCompound": 1
				}
			],
			"fuelPerLap": 3.4634380340576172
		}
	},
	"advancedSetup":
	{
		"mechanicalBalance":
		{
			"aRBFront": 4,
			"aRBRear": 2,
			"wheelRate": [ 10, 10, 6, 6 ],
			"bumpStopRateUp": [ 5, 5, 4, 4 ],
			"bumpStopRateDn": [ 0, 0, 10, 10 ],
			"bumpStopWindow": [ 1, 1, 40, 40 ],
			"brakeTorque": 20,
			"brakeBias": 64
		},
		"dampers":
		{
			"bumpSlow": [ 13, 13, 9, 9 ],
			"bumpFast": [ 12, 12, 10, 10 ],
			"reboundSlow": [ 11, 11, 10, 10 ],
			"reboundFast": [ 14, 14, 10, 10 ]
		},
		"aeroBalance":
		{
			"rideHeight": [ 3, 6, 3, 18 ],
			"rodLength": [ -25.150726318359375, -25.150726318359375, -18.555814743041992, -18.555814743041992 ],
			"splitter": 0,
			"rearWing": 1,
			"brakeDuct": [ 5, 3 ]
		},
		"drivetrain":
		{
			"preload": 11
		}
	},
	"trackBopType": 25
}