{
	"carName": "jaguar_g3",
	"basicSetup":
	{
		"tyres":
		{
			"tyreCompound": 0,
			"tyrePressure": [ 49, 58, 59, 66 ]
		},
		"alignment":
		{
			"camber": [ 10, 10, 12, 12 ],
			"toe": [ 36, 36, 52, 52 ],
			"staticCamber": [ -2.1860804557800293, -2.179269552230835, -0.72539520263671875, -0.71984273195266724 ],
			"toeOutLinear": [ 0.00022765582252759486, 0.00022764675668440759, 0.00046662901877425611, 0.00046641626977361739 ],
			"casterLF": 17,
			"casterRF": 17,
			"steerRatio": 0
		},
		"electronics":
		{
			"tC1": 4,
			"tC2": 0,
			"abs": 3,
			"eCUMap": 0,
			"fuelMix": 0,
			"telemetryLaps": 0
		},
		"strategy":
		{
			"fuel": 23,
			"nPitStops": 0,
			"tyreSet": 5,
			"frontBrakePadCompound": 0,
			"rearBrakePadCompound": 0,
			"pitStrategy": [
				{
					"fuelToAdd": 0,
					"tyres":
					{
						"tyreCompound": 0,
						"tyrePressure": [ 50, 58, 50, 55 ]
					},
					"tyreSet": 2,
					"frontBrakePadCompound": 1,
					"rearBrakePadCompound": 1
				}
			],
			"fuelPerLap": 3.4333114624023438
		}
	},
	"advancedSetup":
	{
		"mechanicalBalance":
		{
			"aRBFront": 4,
			"aRBRear": 2,
			"wheelRate": [ 10, 10, 6, 6 ],
			"bumpStopRateUp": [ 6, 6, 4, 4 ],
			"bumpStopRateDn": [ 0, 0, 10, 10 ],
			"bumpStopWindow": [ 0, 0, 40, 40 ],
			"brakeTorque": 20,
			"brakeBias": 61
		},
		"dampers":
		{
			"bumpSlow": [ 13, 13, 9, 9 ],
			"bumpFast": [ 12, 12, 10, 10 ],
			"reboundSlow": [ 10, 10, 10, 10 ],
			"reboundFast": [ 14, 14, 10, 10 ]
		},
		"aeroBalance":
		{
			"rideHeight": [ 3, 6, 3, 18 ],
			"rodLength": [ -25.35894775390625, -25.35894775390625, -19.520912170410156, -19.520912170410156 ],
			"splitter": 0,
			"rearWing": 0,
			"brakeDuct": [ 5, 3 ]
		},
		"drivetrain":
		{
			"preload": 10
		}
	},
	"trackBopType": 6
}