{
	"carName": "jaguar_g3",
	"basicSetup":
	{
		"tyres":
		{
			"tyreCompound": 0,
			"tyrePressure": [ 48, 60, 59, 66 ]
		},
		"alignment":
		{
			"camber": [ 6, 6, 7, 7 ],
			"toe": [ 37, 37, 52, 52 ],
			"staticCamber": [ -2.1210763454437256, -2.1124663352966309, -0.86069792509078979, -0.85505074262619019 ],
			"toeOutLinear": [ 0.00019880910986103117, 0.00019881535263266414, 0.00041447847615927458, 0.0004140418313909322 ],
			"casterLF": 17,
			"casterRF": 17,
			"steerRatio": 0
		},
		"electronics":
		{
			"tC1": 3,
			"tC2": 0,
			"abs": 3,
			"eCUMap": 0,
			"fuelMix": 0,
			"telemetryLaps": 10
		},
		"strategy":
		{
			"fuel": 58,
			"nPitStops": 0,
			"tyreSet": 7,
			"frontBrakePadCompound": 0,
			"rearBrakePadCompound": 0,
			"pitStrategy": [
				{
					"fuelToAdd": 0,
					"tyres":
					{
						"tyreCompound": 0,
						"tyrePressure": [ 50, 58, 50, 55 ]
					},
					"tyreSet": 2,
					"frontBrakePadCompound": 1,
					"rearBrakePadCompound": 1
				}
			],
			"fuelPerLap": 3.4625575542449951
		}
	},
	"advancedSetup":
	{
		"mechanicalBalance":
		{
			"aRBFront": 3,
			"aRBRear": 2,
			"wheelRate": [ 10, 10, 6, 6 ],
			"bumpStopRateUp": [ 8, 9, 4, 4 ],
			"bumpStopRateDn": [ 0, 0, 10, 10 ],
			"bumpStopWindow": [ 0, 0, 40, 40 ],
			"brakeTorque": 20,
			"brakeBias": 60
		},
		"dampers":
		{
			"bumpSlow": [ 14, 14, 9, 9 ],
			"bumpFast": [ 12, 12, 10, 10 ],
			"reboundSlow": [ 10, 10, 10, 10 ],
			"reboundFast": [ 14, 14, 10, 10 ]
		},
		"aeroBalance":
		{
			"rideHeight": [ 4, 6, 5, 18 ],
			"rodLength": [ -24.236282348632813, -24.236282348632813, -16.694046020507813, -16.694046020507813 ],
			"splitter": 0,
			"rearWing": 0,
			"brakeDuct": [ 5, 3 ]
		},
		"drivetrain":
		{
			"preload": 7
		}
	},
	"trackBopType": 25
}