{
	"carName": "mercedes_amg_gt3_evo",
	"basicSetup":
	{
		"tyres":
		{
			"tyreCompound": 0,
			"tyrePressure": [ 47, 62, 52, 60 ]
		},
		"alignment":
		{
			"camber": [ 5, 5, 1, 1 ],
			"toe": [ 37, 37, 43, 43 ],
			"staticCamber": [ -3.102712869644165, -3.093407154083252, -4.076563835144043, -4.0708713531494141 ],
			"toeOutLinear": [ -0.00027100794250145555, -0.00027096239500679076, 5.0102349632652476e-05, 5.0687052862485871e-05 ],
			"casterLF": 33,
			"casterRF": 33,
			"steerRatio": 1
		},
		"electronics":
		{
			"tC1": 3,
			"tC2": 0,
			"abs": 3,
			"eCUMap": 0,
			"fuelMix": 0,
			"telemetryLaps": 10
		},
		"strategy":
		{
			"fuel": 13,
			"nPitStops": 0,
			"tyreSet": 0,
			"frontBrakePadCompound": 0,
			"rearBrakePadCompound": 0,
			"pitStrategy": [
				{
					"fuelToAdd": 0,
					"tyres":
					{
						"tyreCompound": 0,
						"tyrePressure": [ 50, 60, 55, 60 ]
					},
					"tyreSet": 2,
					"frontBrakePadCompound": 1,
					"rearBrakePadCompound": 1
				}
			],
			"fuelPerLap": 3.3299999237060547
		}
	},
	"advancedSetup":
	{
		"mechanicalBalance":
		{
			"aRBFront": 0,
			"aRBRear": 1,
			"wheelRate": [ 3, 3, 5, 5 ],
			"bumpStopRateUp": [ 9, 9, 9, 9 ],
			"bumpStopRateDn": [ 0, 0, 10, 10 ],
			"bumpStopWindow": [ 14, 14, 45, 45 ],
			"brakeTorque": 20,
			"brakeBias": 45
		},
		"dampers":
		{
			"bumpSlow": [ 1, 1, 1, 1 ],
			"bumpFast": [ 5, 5, 0, 0 ],
			"reboundSlow": [ 3, 3, 4, 4 ],
			"reboundFast": [ 7, 7, 11, 11 ]
		},
		"aeroBalance":
		{
			"rideHeight": [ 4, 6, 6, 18 ],
			"rodLength": [ 8.1694650650024414, 8.1694650650024414, 62.410575866699219, 62.410575866699219 ],
			"splitter": 0,
			"rearWing": 6,
			"brakeDuct": [ 2, 1 ]
		},
		"drivetrain":
		{
			"preload": 4
		}
	},
	"trackBopType": 26
}