{
	"carName": "bentley_continental_gt3_2018",
	"basicSetup":
	{
		"tyres":
		{
			"tyreCompound": 0,
			"tyrePressure": [ 52, 52, 52, 54 ]
		},
		"alignment":
		{
			"camber": [ 10, 10, 0, 0 ],
			"toe": [ 29, 29, 42, 42 ],
			"staticCamber": [ -3.579526424407959, -3.5795266628265381, -2.8924920558929443, -2.9076199531555176 ],
			"toeOutLinear": [ 0.00033714604796841741, 0.00033714782330207527, -0.0002161458833143115, -0.00022021710174158216 ],
			"casterLF": 22,
			"casterRF": 22,
			"steerRatio": 2
		},
		"electronics":
		{
			"tC1": 1,
			"tC2": 0,
			"abs": 3,
			"eCUMap": 0,
			"fuelMix": 0,
			"telemetryLaps": 0
		},
		"strategy":
		{
			"fuel": 118,
			"nPitStops": 0,
			"tyreSet": 1,
			"frontBrakePadCompound": 0,
			"rearBrakePadCompound": 0,
			"pitStrategy": [
				{
					"fuelToAdd": 0,
					"tyres":
					{
						"tyreCompound": 0,
						"tyrePressure": [ 47, 61, 48, 60 ]
					},
					"tyreSet": 0,
					"frontBrakePadCompound": 0,
					"rearBrakePadCompound": 0
				}
			],
			"fuelPerLap": 2.7000000476837158
		}
	},
	"advancedSetup":
	{
		"mechanicalBalance":
		{
			"aRBFront": 6,
			"aRBRear": 3,
			"wheelRate": [ 9, 9, 12, 11 ],
			"bumpStopRateUp": [ 5, 5, 4, 4 ],
			"bumpStopRateDn": [ 0, 0, 10, 10 ],
			"bumpStopWindow": [ 5, 5, 45, 45 ],
			"brakeTorque": 20,
			"brakeBias": 20
		},
		"dampers":
		{
			"bumpSlow": [ 13, 13, 17, 17 ],
			"bumpFast": [ 10, 10, 12, 12 ],
			"reboundSlow": [ 13, 13, 20, 20 ],
			"reboundFast": [ 15, 15, 14, 14 ]
		},
		"aeroBalance":
		{
			"rideHeight": [ 0, 6, 27, 18 ],
			"rodLength": [ 4.2129478454589844, 4.2129478454589844, 0.89990818500518799, 0.89990818500518799 ],
			"splitter": 0,
			"rearWing": 10,
			"brakeDuct": [ 3, 2 ]
		},
		"drivetrain":
		{
			"preload": 4
		}
	},
	"trackBopType": 16
}