{
	"carName": "bentley_continental_gt3_2018",
	"basicSetup":
	{
		"tyres":
		{
			"tyreCompound": 0,
			"tyrePressure": [ 52, 49, 51, 50 ]
		},
		"alignment":
		{
			"camber": [ 10, 10, 0, 0 ],
			"toe": [ 29, 29, 42, 42 ],
			"staticCamber": [ -3.5735940933227539, -3.5756466388702393, -2.8299410343170166, -2.8450689315795898 ],
			"toeOutLinear": [ 0.00033851963235065341, 0.0003385234740562737, -0.00023102479462977499, -0.00023446779232472181 ],
			"casterLF": 22,
			"casterRF": 22,
			"steerRatio": 2
		},
		"electronics":
		{
			"tC1": 1,
			"tC2": 0,
			"abs": 3,
			"eCUMap": 0,
			"fuelMix": 0,
			"telemetryLaps": 0
		},
		"strategy":
		{
			"fuel": 12,
			"nPitStops": 0,
			"tyreSet": 0,
			"frontBrakePadCompound": 0,
			"rearBrakePadCompound": 0,
			"pitStrategy": [
				{
					"fuelToAdd": 0,
					"tyres":
					{
						"tyreCompound": 0,
						"tyrePressure": [ 47, 61, 48, 60 ]
					},
					"tyreSet": 0,
					"frontBrakePadCompound": 0,
					"rearBrakePadCompound": 0
				}
			],
			"fuelPerLap": 2.7000000476837158
		}
	},
	"advancedSetup":
	{
		"mechanicalBalance":
		{
			"aRBFront": 6,
			"aRBRear": 3,
			"wheelRate": [ 9, 9, 12, 11 ],
			"bumpStopRateUp": [ 5, 5, 4, 4 ],
			"bumpStopRateDn": [ 0, 0, 10, 10 ],
			"bumpStopWindow": [ 1, 1, 45, 45 ],
			"brakeTorque": 20,
			"brakeBias": 20
		},
		"dampers":
		{
			"bumpSlow": [ 13, 13, 17, 17 ],
			"bumpFast": [ 10, 10, 12, 12 ],
			"reboundSlow": [ 13, 13, 20, 20 ],
			"reboundFast": [ 15, 15, 14, 14 ]
		},
		"aeroBalance":
		{
			"rideHeight": [ 0, 6, 26, 18 ],
			"rodLength": [ 3.6672255992889404, 3.6672255992889404, -2.8337576389312744, -2.8337576389312744 ],
			"splitter": 0,
			"rearWing": 10,
			"brakeDuct": [ 3, 2 ]
		},
		"drivetrain":
		{
			"preload": 4
		}
	},
	"trackBopType": 16
}